,pt,node
AAACCTGAGCACCGCT-1,0.35352218,7
AAACCTGCACATTCGA-1,0.17717993,9
AAACCTGCAGGGTTAG-1,0,14
AAACCTGCATGCCTTC-1,0.10304895,12
AAACCTGGTTGAACTC-1,0.25968176,6
AAACCTGTCACCTTAT-1,0.31613153,7
AAACGGGTCCACGTGG-1,0.34196922,3
AAAGATGCAAGGACTG-1,0.11473645,13
AAAGATGCACGAAATA-1,0.43157354,3
AAAGATGCATCGATTG-1,0.24780278,7
AAAGATGGTACACCGC-1,0.14745587,8
AAAGATGGTCTTTCAT-1,0.07361497,8
AAAGCAAAGATGCCAG-1,0.09537681,8
AAAGCAACACAGATTC-1,0.5580533,5
AAAGCAACACGGCGTT-1,0.12644614,12
AAAGCAATCGTAGATC-1,0.046990518,11
AAAGTAGAGAATAGGG-1,0.12582242,13
AAAGTAGAGGTCATCT-1,0.43873045,2
AAAGTAGGTAAGTGGC-1,0.06275313,11
AAAGTAGGTGCAGACA-1,0.9794316,1
AAAGTAGTCACCACCT-1,0.8830773,1
AAATGCCCACTGCCAG-1,0.8236914,1
AAATGCCGTATTCGTG-1,0.06778322,4
AACACGTCAAGCGATG-1,0.021948384,14
AACACGTGTATCAGTC-1,0.12662764,13
AACCATGTCACCCTCA-1,0.14227921,13
AACCGCGAGTGTTGAA-1,0.09315779,11
AACGTTGAGGTGCTTT-1,0.3793405,3
AACGTTGCACGGTAAG-1,0.13759165,12
AACGTTGGTTCGGCAC-1,0.104682386,13
AACTCAGCACAGACAG-1,0.20698145,9
AACTCAGGTAAGGGCT-1,0.122138165,8
AACTCCCAGCGCTCCA-1,0.20294414,9
AACTCCCTCGCGATCG-1,0.88847977,1
AACTCTTAGTAGTGCG-1,0.12178816,10
AACTCTTGTCTTCGTC-1,0.31925246,7
AACTGGTCAGCCAGAA-1,0.19031253,9
AACTGGTCAGGTCGTC-1,0.25388685,7
AACTTTCGTTTACTCT-1,0.51466566,6
AACTTTCTCAGAGCTT-1,0.048512254,14
AACTTTCTCGTACCGG-1,0.20723496,6
AAGACCTAGAATAGGG-1,0.8215772,1
AAGACCTAGGAGCGAG-1,0.05167632,4
AAGACCTCAGAGCCAA-1,0.22435415,4
AAGCCGCAGCTTTGGT-1,0.7972881,1
AAGCCGCAGGAGCGAG-1,0.09974429,10
AAGCCGCCACATGGGA-1,0.30707568,3
AAGCCGCGTTCGCTAA-1,0.34639347,3
AAGGAGCAGCGAGAAA-1,0.58947366,5
AAGGAGCCACCTCGGA-1,0.08948226,8
AAGGAGCCATCGGAAG-1,0.28121117,7
AAGGAGCTCGCTTAGA-1,0.10924794,12
AAGGCAGCAGGCTCAC-1,0.06995343,14
AAGGCAGGTAAGTGGC-1,0.048500232,14
AAGGTTCAGCGTCTAT-1,0.18298292,9
AAGGTTCGTTTGACAC-1,0.36677888,7
AAGGTTCTCAACGAAA-1,0.31869942,3
AAGGTTCTCAGCATGT-1,0.99755335,1
AAGTCTGAGCAAATCA-1,0.09888713,8
AAGTCTGCACCATCCT-1,0.013423608,14
AATCCAGCACGAAATA-1,0.06356497,11
AATCCAGTCACTCCTG-1,0.11595927,13
AATCCAGTCCTTAATC-1,0.19392483,4
AATCGGTAGCCAACAG-1,0.30722362,3
AATCGGTCACAAGTAA-1,0.84414774,1
AATCGGTGTAGAAGGA-1,0.30383372,7
AATCGGTTCACTCCTG-1,0.11940192,13
ACACCAAAGGTGACCA-1,0.7537246,2
ACACCCTAGGCAATTA-1,0.1747094,9
ACACCCTCAGTCACTA-1,0.6158758,2
ACACCCTGTCTGATTG-1,0.23025356,9
ACACCGGAGATCCCGC-1,0.16076371,9
ACACCGGTCCTCTAGC-1,0.05951297,14
ACAGCCGAGCCATCGC-1,0.507837,6
ACAGCCGAGCCTTGAT-1,0.092758216,10
ACAGCCGCAACACGCC-1,0.9589609,1
ACAGCCGCAGCGAACA-1,0.28756133,7
ACAGCCGTCGGACAAG-1,0.71739995,5
ACAGCTAAGATATGCA-1,0.0920185,8
ACAGCTAAGCACGCCT-1,0.12298183,13
ACAGCTAAGCTAAGAT-1,0.4944846,6
ACAGCTAAGGATGCGT-1,0.1062128,13
ACAGCTAGTAAGTGGC-1,0.21877164,4
ACAGCTAGTGGTGTAG-1,0.6266805,5
ACAGCTATCAATCTCT-1,0.09998659,13
ACATACGCACCGATAT-1,0.1460895,4
ACATACGTCGCTGATA-1,0.27522126,3
ACATCAGCAAGGTTTC-1,0.22401904,9
ACATCAGCATTTCACT-1,0.11146714,11
ACATGGTAGCGTTTAC-1,0.09292438,10
ACATGGTAGGAATGGA-1,0.10192575,8
ACATGGTGTAAGGATT-1,0.11414736,8
ACCAGTACATGCGCAC-1,0.06560689,11
ACCAGTACATGGTCAT-1,0.2496656,7
ACCAGTAGTTTGTGTG-1,0.28821823,3
ACCCACTGTCTGGTCG-1,0.24122,3
ACCGTAAAGAACTGTA-1,0.13774255,12
ACCGTAAAGTCCGTAT-1,0.063435,11
ACCTTTAAGAGTGACC-1,0.84606034,1
ACCTTTAAGCTTTGGT-1,0.12785716,13
ACCTTTAGTAGGCATG-1,0.22228728,9
ACCTTTAGTATAGTAG-1,0.11867,10
ACGAGCCAGACGCACA-1,0.77514684,1
ACGAGCCAGATATGCA-1,0.13214692,10
ACGAGCCGTAGAGTGC-1,0.016062777,14
ACGAGCCGTCTAGCCG-1,0.6042911,5
ACGAGGACATAACCTG-1,0.23852798,7
ACGAGGAGTAGTACCT-1,0.25109005,7
ACGAGGATCACTATTC-1,0.24152762,7
ACGATACAGATATGCA-1,0.30358127,3
ACGATACAGGTACTCT-1,0.10351117,8
ACGATACAGTGAAGTT-1,0.09635614,12
ACGATGTAGCGTTGCC-1,0.093814544,11
ACGATGTGTATGGTTC-1,0.19449927,6
ACGATGTGTTCCACAA-1,0.32349026,7
ACGATGTTCCTAAGTG-1,0.6863125,5
ACGCAGCCAGATCCAT-1,0.32242227,3
ACGCAGCGTCATGCCG-1,0.51206297,6
ACGCAGCTCTTATCTG-1,0.87133557,1
ACGCCAGGTAAGAGGA-1,0.8978025,1
ACGCCAGGTTGATTGC-1,0.2510588,7
ACGCCAGTCTTCAACT-1,0.087540746,11
ACGCCGAAGGCTAGAC-1,0.07331618,11
ACGCCGAAGTTGTCGT-1,0.08101806,10
ACGCCGACAAAGCAAT-1,0.08651942,13
ACGGAGAAGGGAACGG-1,0.14506781,13
ACGGAGAAGTGTACTC-1,0.33605072,3
ACGGAGACAGCTCGCA-1,0.32673556,3
ACGGAGAGTTTGACTG-1,0.8653677,1
ACGGAGATCCGTTGCT-1,0.07480705,11
ACGGCCAGTGACCAAG-1,0.08381352,11
ACGGCCATCCACGTTC-1,0.45795524,6
ACGGGCTAGGCTCATT-1,0.8918548,1
ACGGGCTCAATCTACG-1,0.07542216,8
ACGGGCTTCCCTAACC-1,0.11001251,13
ACGGGCTTCCGTAGGC-1,0.13160817,13
ACGGGTCAGCGTTTAC-1,0.07918074,10
ACGGGTCGTAAGGATT-1,0.4463028,6
ACGGGTCGTAATCACC-1,0.2864884,7
ACGGGTCGTCTCACCT-1,0.034739815,14
ACGTCAAAGACAAGCC-1,0.516706,2
ACGTCAACACGCTTTC-1,0.076787785,14
ACGTCAACATCGACGC-1,0.08294101,4
ACGTCAAGTCACCTAA-1,0.5970033,5
ACGTCAAGTGTTTGGT-1,0.11084415,13
ACTATCTTCAACCAAC-1,0.10105422,8
ACTGAACAGACAGGCT-1,0.29113165,7
ACTGAACAGGACAGAA-1,0.22418018,9
ACTGAGTGTAAGGGAA-1,0.19927411,9
ACTGATGAGTGACTCT-1,0.22493076,7
ACTGATGCACGCTTTC-1,0.04979306,14
ACTGATGTCAGAGGTG-1,0.32669213,3
ACTGCTCCACAGGTTT-1,0.082470804,11
ACTGCTCCATCACCCT-1,0.40384668,3
ACTGTCCAGATGTGGC-1,0.2610596,7
ACTGTCCAGTCAAGCG-1,0.056855533,11
ACTGTCCAGTTCGCAT-1,0.14452551,8
ACTGTCCCAGTAAGAT-1,0.3052805,3
ACTGTCCCATCCGGGT-1,0.097675025,13
ACTGTCCTCTAGAGTC-1,0.055244226,11
ACTTACTAGTGTCCAT-1,0.12036219,8
ACTTACTCAGGTCGTC-1,0.06641364,10
ACTTACTGTTGTGGCC-1,0.4051038,3
ACTTACTTCGAATGGG-1,0.094324075,13
ACTTGTTGTACAGTTC-1,0.78576493,1
ACTTGTTTCCTTTCTC-1,0.14949723,13
ACTTTCACAAGGCTCC-1,0.064526536,11
ACTTTCATCGTGACAT-1,0.09848797,12
AGAATAGGTGCCTGCA-1,0.14854196,13
AGACGTTGTTCCACTC-1,0.22229755,7
AGACGTTGTTGTACAC-1,0.11347915,13
AGAGCTTAGGTGGGTT-1,0.081741154,13
AGAGCTTTCGCGTAGC-1,0.15533076,9
AGAGCTTTCTAACCGA-1,0.39285058,3
AGAGTGGAGCGTAGTG-1,0.86662215,1
AGATCTGGTAAGTGTA-1,0.118813254,10
AGATCTGTCCAAGTAC-1,0.10508258,8
AGATCTGTCTTGGGTA-1,0.17495441,9
AGATTGCTCTGCCAGG-1,0.111634694,13
AGCAGCCGTAGGGTAC-1,0.69070196,5
AGCAGCCGTATAGTAG-1,0.11250801,8
AGCAGCCGTATCACCA-1,0.5063824,5
AGCAGCCTCACAACGT-1,0.335953,7
AGCAGCCTCATACGGT-1,0.12685896,8
AGCAGCCTCATATCGG-1,0.9439958,1
AGCAGCCTCCGCATAA-1,0.89615893,1
AGCATACAGCGGCTTC-1,0.07293293,11
AGCATACGTACCAGTT-1,0.061323974,11
AGCATACGTTAAGGGC-1,0.15454923,8
AGCCTAATCTGATACG-1,0.040958337,14
AGCGGTCGTACTCGCG-1,0.29633385,7
AGCGTATGTCAAACTC-1,0.53534156,5
AGCGTATGTGCAGGTA-1,0.09486188,10
AGCGTCGGTTAGGGTG-1,0.8505351,1
AGCTCCTCAGGTTTCA-1,0.110394165,13
AGCTCCTGTAGCACGA-1,0.14125958,8
AGCTCCTGTCCGTCAG-1,0.059366126,11
AGCTCCTGTCTCTCGT-1,0.17108831,9
AGCTCCTTCCTAGTGA-1,0.04791394,11
AGCTCTCAGAGGACGG-1,0.24097364,7
AGCTCTCAGCCGTCGT-1,0.2830255,7
AGCTCTCAGGTGACCA-1,0.4097837,6
AGCTCTCCATCCAACA-1,0.061445985,11
AGCTCTCCATCTGGTA-1,0.05686489,14
AGCTCTCGTCGAATCT-1,0.07356859,10
AGCTTGACATTTGCTT-1,0.09014943,13
AGCTTGATCTTAACCT-1,0.3090713,3
AGGCCACAGCAGGTCA-1,0.07676054,8
AGGCCACAGGTGATTA-1,0.09573826,12
AGGCCACCAAACCCAT-1,0.86324704,1
AGGCCACCACCACGTG-1,0.3295827,7
AGGCCACGTGATGCCC-1,0.5978952,5
AGGCCACGTTCAGGCC-1,0.072793424,11
AGGCCACTCAATCACG-1,0.11437699,13
AGGCCGTAGCCCAGCT-1,0.8728703,1
AGGCCGTAGTGTACGG-1,0.086162806,10
AGGCCGTGTTCAGACT-1,0.05163215,11
AGGCCGTGTTGCGTTA-1,0.5671713,5
AGGGAGTAGAACTGTA-1,0.068718605,11
AGGGAGTAGCCGTCGT-1,0.057180297,11
AGGGAGTAGTGGTAAT-1,0.31791833,6
AGGGAGTCATCGATTG-1,0.42800745,3
AGGGAGTGTCGACTGC-1,0.1310088,8
AGGGAGTGTTGCGTTA-1,0.20780115,9
AGGGATGCAGCTCGAC-1,0.89928234,1
AGGGATGGTTACGGAG-1,0.1116749,8
AGGGATGTCTGGCGAC-1,0.09579086,13
AGGGTGAAGCTAGTCT-1,0.20001116,9
AGGGTGACAGGTTTCA-1,0.12493256,12
AGGGTGATCTCTGAGA-1,0.07371859,14
AGGTCATAGATCTGCT-1,0.096381225,4
AGGTCATCAAAGGTGC-1,0.07863428,11
AGGTCATGTTGATTGC-1,0.66002303,5
AGGTCCGAGTTGTCGT-1,0.12502114,12
AGGTCCGCACGGACAA-1,0.0449497,11
AGGTCCGTCAAGGTAA-1,0.52983296,5
AGTAGTCAGTAAGTAC-1,0.18148433,9
AGTAGTCAGTGATCGG-1,0.17749949,10
AGTAGTCCATGTTGAC-1,0.18600558,9
AGTAGTCTCAGTCCCT-1,0.54901546,2
AGTCTTTAGCTAACTC-1,0.87556255,1
AGTCTTTGTCGAATCT-1,0.12425891,8
AGTCTTTGTCTTCAAG-1,0.3297132,7
AGTCTTTGTGACAAAT-1,0.648586,5
AGTGAGGCACGCTTTC-1,0.13116293,12
AGTGAGGGTCCGAATT-1,0.09832299,13
AGTGAGGGTCGAGTTT-1,0.6044629,5
AGTGAGGTCCGCTGTT-1,0.10842792,8
AGTGGGAAGAACAATC-1,0.03748398,11
AGTGGGAAGATACACA-1,0.119288735,8
AGTGGGAAGTGCGTGA-1,0.6835814,2
AGTGGGACAGTTCCCT-1,0.067590594,11
AGTGGGAGTCACACGC-1,0.7993873,2
AGTGGGATCTTGACGA-1,0.13363759,8
AGTGTCAAGATCGGGT-1,0.32196862,7
AGTGTCAGTATTACCG-1,0.09708648,12
AGTGTCATCAGCGACC-1,0.048074264,11
AGTGTCATCAGGTAAA-1,0.05823494,11
AGTTGGTAGCTACCGC-1,0.034258112,14
AGTTGGTAGGAGTTGC-1,0.0943558,8
AGTTGGTTCCAGAAGG-1,0.07168416,13
ATAACGCGTAAATGAC-1,0.5855604,5
ATAACGCGTGTAAGTA-1,0.02442928,14
ATAACGCTCGGCATCG-1,0.107546866,12
ATAACGCTCTTCCTTC-1,0.16621262,9
ATAAGAGAGCGCCTTG-1,0.8549059,1
ATAAGAGAGCGTGTCC-1,0.023394108,14
ATAAGAGCACACGCTG-1,0.047103826,11
ATAAGAGGTGCAGTAG-1,0.48787472,6
ATAAGAGTCTGATACG-1,0.34778926,7
ATAGACCCAACACCTA-1,0.1274488,13
ATCACGACACAGCCCA-1,0.03154424,14
ATCACGAGTGATGATA-1,0.12575978,12
ATCATCTCAATGGATA-1,0.06875609,11
ATCATCTCAGACGTAG-1,0.23740183,7
ATCATCTGTAACGTTC-1,0.043811098,11
ATCATCTGTTGCGTTA-1,0.21106613,7
ATCATCTTCCACGAAT-1,0.22262524,3
ATCCACCAGACTGGGT-1,0.5298541,5
ATCCACCAGGAGTCTG-1,0.3244081,7
ATCCACCCAAACCCAT-1,0.12123564,13
ATCCGAAAGCCAGAAC-1,0.34154162,7
ATCCGAACAGTAAGCG-1,0.07268353,11
ATCCGAACAGTGGGAT-1,0.12487765,13
ATCGAGTAGCCAGTAG-1,0.8286717,1
ATCGAGTCATCTACGA-1,0.1480708,13
ATCGAGTGTGCAGGTA-1,0.068307884,11
ATCTACTCAGGTCGTC-1,0.51224893,5
ATCTACTGTGTCCTCT-1,0.03786089,11
ATCTACTGTGTCGCTG-1,0.18104014,9
ATCTACTTCAGGTTCA-1,0.22341286,6
ATCTACTTCGCCATAA-1,0.19713041,9
ATCTGCCCACCACGTG-1,0.15911618,9
ATCTGCCGTCTTGCGG-1,0.1681079,9
ATGAGGGGTTCATGGT-1,0.2507176,7
ATGAGGGGTTGATTGC-1,0.4037588,6
ATGAGGGGTTGGTGGA-1,0.01879915,14
ATGAGGGTCCGCATCT-1,0.55705273,5
ATGCGATAGATATACG-1,0.036023807,11
ATGCGATAGCAGCCTC-1,0.08491229,11
ATGCGATGTGTTGGGA-1,0.31366345,7
ATGGGAGTCCCAAGTA-1,0.18264465,12
ATGTGTGCATCCGGGT-1,0.08395542,11
ATGTGTGTCTGCGGCA-1,0.108722135,8
ATTACTCAGCGTGAAC-1,0.7933835,1
ATTACTCAGTAGCCGA-1,0.14356162,8
ATTATCCCAAGTTAAG-1,0.3333852,7
ATTATCCCACGGATAG-1,0.09767894,10
ATTATCCGTTGCGCAC-1,0.14873846,4
ATTATCCTCTACTATC-1,0.062107544,11
ATTCTACAGAGTAATC-1,0.580292,5
ATTCTACAGTCCTCCT-1,0.2557794,7
ATTCTACCAAACTGCT-1,0.4469956,2
ATTCTACCATGCAATC-1,0.5521884,5
ATTCTACTCAGCACAT-1,0.06953769,11
ATTCTACTCTGATTCT-1,0.9107199,1
ATTGGACAGGAATGGA-1,0.015891172,14
ATTGGACTCGAACGGA-1,0.09527068,12
ATTGGACTCTAACTGG-1,0.116438754,13
ATTGGTGAGGTAAACT-1,0.4205027,2
ATTGGTGGTCATCGGC-1,0.06942195,11
ATTGGTGGTGTGGCTC-1,0.13189507,13
ATTGGTGTCATAAAGG-1,0.21420163,4
ATTGGTGTCCAAATGC-1,0.07629693,8
ATTGGTGTCTCAAGTG-1,0.040167138,11
ATTGGTGTCTTGGGTA-1,0.021367261,14
ATTTCTGCAAATTGCC-1,0.505671,6
ATTTCTGCAACACCTA-1,0.13047372,12
ATTTCTGCACAGGAGT-1,0.232646,3
ATTTCTGTCGAGAACG-1,0.12758365,13
ATTTCTGTCGTACGGC-1,0.037048947,4
CAACCAAAGGCATGTG-1,0.4388518,6
CAACCAACAAATACAG-1,0.093363404,10
CAACCAAGTGGTACAG-1,0.81423855,2
CAACCAAGTGTGCCTG-1,0.07100349,11
CAACCAATCCATTCTA-1,0.586516,5
CAACCAATCGCCAAAT-1,0.29350883,7
CAACCTCCAAATACAG-1,0.003734439,14
CAACTAGAGGCATTGG-1,0.06654952,11
CAACTAGGTAAGGATT-1,0.43944013,6
CAACTAGGTCGGATCC-1,0.6818494,2
CAACTAGTCTACGAGT-1,0.086357184,11
CAAGAAAAGAAGCCCA-1,0.28596702,6
CAAGAAAAGGAATTAC-1,0.0869269,12
CAAGAAAAGTGCCATT-1,0.09261482,13
CAAGAAACATGCCTAA-1,0.27518192,7
CAAGATCCACCAACCG-1,0.62934464,5
CAAGATCGTAAGTAGT-1,0.42097482,3
CAAGATCGTAGCGTCC-1,0.1608422,12
CAAGATCGTCGGCATC-1,0.08287977,4
CAAGATCTCATCTGTT-1,0.13789299,13
CAAGGCCCATACTACG-1,0.27859458,7
CAAGGCCGTCGCGAAA-1,0.0986817,4
CAAGGCCGTTGTTTGG-1,0.488534,6
CAAGGCCTCTAACTCT-1,0.12815644,13
CAAGGCCTCTCCCTGA-1,0.26232988,7
CAAGTTGCAGACACTT-1,0.30963284,7
CAAGTTGCATTATCTC-1,0.2577955,3
CAAGTTGTCGACCAGC-1,0.11050943,13
CACAAACAGCCTATGT-1,0.41793677,3
CACAAACAGTTAGCGG-1,0.03486484,14
CACAAACCAGCTATTG-1,0.10304754,12
CACAAACTCTGTGCAA-1,0.6047009,5
CACACAAAGACTCGGA-1,0.32802737,3
CACACAAAGCTTCGCG-1,0.3056657,3
CACACAACACCTATCC-1,0.070297316,11
CACACCTCACAGCCCA-1,0.05966166,14
CACACCTCACTATCTT-1,0.07391672,11
CACACCTTCTACTATC-1,0.60385454,5
CACACTCAGAGCTGGT-1,0.8626064,1
CACACTCTCTAACTCT-1,0.55936784,5
CACAGGCAGCTGCAAG-1,0.12378082,13
CACAGGCCATGCCTAA-1,0.05722122,11
CACAGGCCATGTTGAC-1,0.6142243,5
CACAGGCGTTCGCGAC-1,0.23769607,6
CACATAGAGGCTAGAC-1,0.9974329,1
CACATAGCAAGCGATG-1,0.059495054,11
CACATAGGTCTACCTC-1,0.013637664,14
CACATAGTCTCGCATC-1,0.23913777,3
CACATTTAGTGGAGTC-1,0.3508785,7
CACATTTCAATGTAAG-1,0.14146383,8
CACATTTGTTCATGGT-1,0.107384935,10
CACCACTAGGCGCTCT-1,0.01342,14
CACCACTCACGACTCG-1,0.9320746,1
CACCACTTCATGGTCA-1,0.10258559,8
CACCAGGGTTCACCTC-1,0.19810621,12
CACTCCAAGAATTGTG-1,0.33019862,7
CACTCCACAATCTACG-1,0.30777773,3
CACTCCAGTCAGAATA-1,0.12067236,13
CAGAATCAGGCAAAGA-1,0.18078591,9
CAGAATCGTCAGTGGA-1,0.05126044,11
CAGAATCGTGCCTGGT-1,0.11651611,13
CAGAATCTCAAGGTAA-1,0.3101203,7
CAGAGAGGTCGCGAAA-1,0.41209012,6
CAGAGAGGTCTCAACA-1,0.18850651,9
CAGAGAGGTGTGAAAT-1,0.037442617,14
CAGAGAGTCGGCATCG-1,0.9894246,1
CAGATCAAGATCCGAG-1,0.10946378,12
CAGATCAGTCGCTTCT-1,0.39024794,6
CAGATCATCAACGGGA-1,0.34902412,6
CAGATCATCAATAAGG-1,0.12512252,4
CAGCAGCCACCCATGG-1,0.12340046,8
CAGCAGCGTTAAGATG-1,0.59402555,5
CAGCAGCTCACGAAGG-1,0.18341078,9
CAGCAGCTCTACTCAT-1,0.008170209,14
CAGCAGCTCTGGCGAC-1,0.31310818,7
CAGCATAAGCTATGCT-1,0.24721727,7
CAGCATAAGGCCATAG-1,0.049495716,4
CAGCATAAGTATCTCG-1,0.06746476,11
CAGCATATCTGTCAAG-1,0.054828968,14
CAGCCGAAGGCCCTCA-1,0.038469136,14
CAGCCGAAGTACGACG-1,0.058435347,4
CAGCCGACAATGGAAT-1,0.01926766,14
CAGCCGAGTGATAAAC-1,0.035457257,4
CAGCCGATCCGTTGTC-1,0.10552128,13
CAGCGACCAGGTGGAT-1,0.4719374,6
CAGCGACGTCCAGTAT-1,0.06188136,11
CAGCGACTCTGTCTCG-1,0.8178307,1
CAGCTAAAGCGTAGTG-1,0.11520273,13
CAGCTAAAGCTCTCGG-1,0.09415221,12
CAGCTAACAGTATGCT-1,0.24081858,7
CAGCTAAGTTCGGGCT-1,0.13085291,8
CAGCTAATCCAGGGCT-1,0.08394777,10
CAGCTAATCCTCAATT-1,0.25747758,4
CAGCTGGAGCCAGTTT-1,0.19604364,9
CAGCTGGAGGTGCACA-1,0.16504897,13
CAGCTGGAGTCGATAA-1,0.058624543,8
CAGCTGGCAATGAATG-1,0.0713789,13
CAGCTGGCAATGTTGC-1,0.26855093,3
CAGCTGGGTAGAGGAA-1,0.101938546,13
CAGCTGGGTGGGTATG-1,0.07047504,11
CAGCTGGTCTAACTGG-1,0.10052816,12
CAGCTGGTCTATCCCG-1,0.42510107,2
CAGCTGGTCTCTAGGA-1,0.04233787,11
CAGGTGCCACATCCAA-1,0.26928458,3
CAGTAACAGACACTAA-1,0.022171583,14
CAGTAACAGAGCCCAA-1,0.10320872,8
CAGTAACAGTGACTCT-1,0.16443186,13
CAGTAACGTATATGAG-1,0.3181426,7
CAGTAACGTCTACCTC-1,0.06658491,11
CAGTCCTGTCTGCAAT-1,0.49194193,6
CATATGGAGCGTAGTG-1,0.79528016,1
CATATGGCAGTAAGAT-1,0.12885599,12
CATATGGGTGCACGAA-1,0.69393444,5
CATATGGTCCACGCAG-1,0.11441718,12
CATATTCAGACGCACA-1,0.4042827,6
CATATTCAGATATACG-1,0.08571867,8
CATATTCCAGACAAAT-1,0.13847275,13
CATATTCCAGCCACCA-1,0.19326602,9
CATATTCGTTCCATGA-1,0.40757278,3
CATCAGATCAGAGACG-1,0.84764284,1
CATCCACTCAGTTAGC-1,0.66886705,2
CATCCACTCATAACCG-1,0.47190547,6
CATCGAAAGCCAGGAT-1,0.36818,7
CATCGAAGTGGGTATG-1,0.10272126,8
CATCGGGTCCGCGGTA-1,0.034267757,14
CATCGGGTCGAGAGCA-1,0.077916585,11
CATCGGGTCTACCTGC-1,0.050190255,11
CATGACAAGAACAATC-1,0.10654425,10
CATGACACATCGACGC-1,0.9061112,1
CATGCCTCACTCAGGC-1,0.19453412,9
CATGGCGCACTACAGT-1,0.068954036,11
CATGGCGGTGAGTGAC-1,0.33220455,3
CATGGCGTCGAGAACG-1,0.13044454,13
CATTATCAGGTCGGAT-1,0.01667797,14
CATTATCGTCCGAACC-1,0.070654735,11
CATTATCGTGATGCCC-1,0.11426038,12
CATTATCGTTAAAGTG-1,0.0889058,13
CATTATCTCTTCATGT-1,0.07663751,11
CATTCGCAGATATGGT-1,0.24718983,7
CATTCGCAGTACGTTC-1,0.31191212,3
CATTCGCTCACATACG-1,0.9111386,1
CCAATCCAGATCGGGT-1,0.026147557,14
CCAATCCTCGGCGGTT-1,0.035397597,14
CCAATCCTCGGTCTAA-1,0.15925701,9
CCAATCCTCTACCTGC-1,0.13020709,13
CCACCTAAGAGTAATC-1,0.2746868,7
CCACCTATCATCGATG-1,0.25205484,7
CCACCTATCCTCATTA-1,0.11219324,8
CCACCTATCTCTTATG-1,0.10081941,12
CCACGGATCATTTGGG-1,0.1395457,13
CCACGGATCCGTACAA-1,0.2087504,3
CCACGGATCTTCCTTC-1,0.20051081,9
CCACTACCAAGGACTG-1,0.10878906,8
CCACTACGTGGCAAAC-1,0.81014544,2
CCAGCGAAGAAACCTA-1,0.0973597,13
CCAGCGAAGAGTACAT-1,0.08521784,11
CCAGCGAAGTGGACGT-1,0.5973336,5
CCATGTCAGGAATTAC-1,0.12137352,8
CCATGTCAGGACACCA-1,0.16201726,12
CCATGTCCAGCATACT-1,0.07754322,8
CCATGTCGTGTCGCTG-1,0.5371368,5
CCATGTCTCCACTCCA-1,0.117891245,10
CCATGTCTCCATTCTA-1,0.5189842,6
CCATGTCTCTGATTCT-1,0.09809099,13
CCATGTCTCTGGTTCC-1,0.18777023,9
CCATGTCTCTGTCTAT-1,0.07223589,11
CCATTCGAGTCGCCGT-1,0.4256232,6
CCCAATCAGGAGTAGA-1,0.06941566,13
CCCAATCAGTTCGCGC-1,0.11487439,13
CCCAATCCATCGGACC-1,0.08234597,8
CCCAATCTCTGGCGAC-1,0.06872891,11
CCCAATCTCTGTTTGT-1,0.30124104,7
CCCAGTTAGGTCGGAT-1,0.15244003,9
CCCAGTTCACATGTGT-1,0.7542242,2
CCCAGTTCACGGATAG-1,0.041334234,11
CCCAGTTCAGCTGTGC-1,0.0717604,8
CCCATACAGAGAACAG-1,0.1161418,10
CCCATACCAAGGTGTG-1,0.01225565,14
CCCATACCAATGCCAT-1,0.13864718,13
CCCATACCACCATCCT-1,0.7921168,2
CCCATACCAGGTTTCA-1,0.8086921,1
CCCTCCTAGCTCAACT-1,0.13695596,8
CCCTCCTCATACAGCT-1,0.081353575,11
CCCTCCTGTGATAAAC-1,0.2915532,7
CCCTCCTGTGCGGTAA-1,0.042102594,13
CCCTCCTTCAGAGGTG-1,0.031709414,11
CCGGGATAGTGTGGCA-1,0.17898493,9
CCGGGATCAATGGAAT-1,0.13085854,13
CCGGTAGAGAAGGCCT-1,0.035409056,4
CCGGTAGAGACAGACC-1,0.014178415,14
CCGGTAGCAGATCCAT-1,0.8642196,1
CCGGTAGTCCTGCTTG-1,0.65631866,5
CCGTACTAGGACATTA-1,0.2640359,7
CCGTACTCAGGCTCAC-1,0.11717153,10
CCGTGGAAGTCAAGCG-1,0.4824438,2
CCGTGGAAGTTATCGC-1,0.267381,3
CCGTGGACAAGTCATC-1,0.29216707,3
CCGTGGACATCCGTGG-1,0.3062704,7
CCGTGGAGTGATGATA-1,0.0776677,11
CCGTTCAAGATCCTGT-1,0.012860656,14
CCGTTCAGTAGCGTGA-1,0.06495242,4
CCTAAAGCAGTTCATG-1,0.17049953,12
CCTAAAGTCCTTGGTC-1,0.24504793,7
CCTAAAGTCTCTTGAT-1,0.14641264,10
CCTACACCATGGATGG-1,0.23342723,4
CCTACACTCGGAAATA-1,0.15889849,13
CCTACCAAGAAGCCCA-1,0.8952964,1
CCTACCAAGACAATAC-1,0.93507034,1
CCTACCATCAGCTGGC-1,0.019501168,14
CCTACCATCCTGTACC-1,0.62073576,5
CCTAGCTGTCCGTGAC-1,0.6990762,5
CCTAGCTGTTCACCTC-1,0.6654825,5
CCTATTATCAAACCAC-1,0.37333912,6
CCTATTATCCCAACGG-1,0.33362916,3
CCTCAGTTCCTGCTTG-1,0.084664054,10
CCTCAGTTCGCAAGCC-1,0.12858008,12
CCTCTGAAGCGCTTAT-1,0.32592395,7
CCTTACGAGGCCCTTG-1,0.24116574,7
CCTTACGGTATGAAAC-1,0.89507926,1
CCTTCCCAGAGCCCAA-1,0.20998715,4
CCTTCCCCACCAGATT-1,0.13932589,13
CCTTCCCCATAAAGGT-1,0.18320239,9
CCTTCCCTCGCGTAGC-1,0.081051484,8
CCTTCGACAGCTCCGA-1,0.3320587,3
CCTTCGAGTTTGTTTC-1,0.38743085,3
CCTTTCTCATCTCCCA-1,0.61712253,5
CGAACATTCGCGTAGC-1,0.5228917,5
CGAATGTAGTCCCACG-1,0.09412187,11
CGAATGTAGTTCGATC-1,0.16011809,9
CGAATGTCAATTGCTG-1,0.588662,5
CGAATGTCATGCCCGA-1,0.07645348,11
CGACCTTCATGCTGGC-1,0.07080418,4
CGACTTCAGCAGATCG-1,0.4602198,6
CGACTTCAGTACACCT-1,0.3293264,7
CGACTTCAGTGTACCT-1,0.021267984,14
CGACTTCCAAGCCCAC-1,0.88726264,1
CGACTTCCACAGACTT-1,0.061488293,11
CGACTTCCAGATTGCT-1,0.0806257,11
CGACTTCTCGGAGGTA-1,0.44722033,6
CGACTTCTCGTGGACC-1,0.15730697,13
CGAGAAGCACAACGCC-1,0.10032729,13
CGAGAAGTCAAAGTAG-1,0.080352716,11
CGAGAAGTCGGAAACG-1,0.2462018,7
CGAGAAGTCGTGGGAA-1,0.45525333,6
CGAGCACCATCGATTG-1,0.46449053,6
CGAGCACTCCGTTGCT-1,0.13123994,8
CGAGCCAAGTTAAGTG-1,0.10027857,10
CGAGCCACAGGTGCCT-1,0.06900978,11
CGAGCCAGTCGCGAAA-1,0.041233305,11
CGAGCCAGTCTAGGTT-1,0.13946624,8
CGAGCCATCGTAGGAG-1,0.21491762,9
CGAGCCATCTTACCTA-1,0.4454705,6
CGATCGGCAAGTACCT-1,0.90417,1
CGATCGGTCTTTACGT-1,0.092800744,12
CGATGGCCAGGGTATG-1,0.2525956,3
CGATGGCGTACATGTC-1,0.32928428,3
CGATGGCGTGCGGTAA-1,0.13247919,13
CGATGTACATTCGACA-1,0.54778063,5
CGATGTATCGAATGGG-1,0.2428077,3
CGATTGAAGACCTTTG-1,0.033371642,11
CGATTGACATCCTAGA-1,0.097164236,8
CGATTGACATCGATGT-1,0.11796829,8
CGATTGAGTGCGATAG-1,0.17615882,10
CGATTGATCAAGCCTA-1,0.28732103,7
CGCCAAGAGAGTACCG-1,0.026671143,11
CGCCAAGAGGCCCTTG-1,0.11993414,8
CGCCAAGCAACACCCG-1,0.43745703,6
CGCCAAGCAAGCTGTT-1,0.2998913,7
CGCCAAGCATGTCGAT-1,0.108687215,13
CGCCAAGGTTATTCTC-1,0.060800098,14
CGCGGTAAGCTACCTA-1,0.06695747,11
CGCGGTAGTTGTGGCC-1,0.39378527,3
CGCGTTTCACTTACGA-1,0.033837654,4
CGCGTTTGTTCCGGCA-1,0.5374896,5
CGCTATCAGTAATCCC-1,0.23667035,7
CGCTATCCAGCCAATT-1,0.22490995,9
CGCTATCGTCAGCTAT-1,0.12163206,13
CGCTGGAAGACGCTTT-1,0.11398916,12
CGCTGGACAATGAAAC-1,0.095298275,12
CGCTGGACATCCGCGA-1,0.15117976,8
CGCTGGAGTAAATGTG-1,0.14921252,13
CGCTGGAGTGACGGTA-1,0.28498515,7
CGCTTCAAGACAATAC-1,0.08055697,8
CGCTTCAAGTAGGTGC-1,0.05544012,11
CGCTTCATCTTTACGT-1,0.39429465,3
CGGACACCAAGCGCTC-1,0.07175898,11
CGGACACCACGGTAAG-1,0.78802043,1
CGGACACCAGTCTTCC-1,0.111983374,10
CGGACACTCGGATGGA-1,0.32080176,7
CGGACACTCGGCGGTT-1,0.55740905,5
CGGACGTAGGCATGGT-1,0.060366422,11
CGGACGTAGTTACGGG-1,0.029531823,14
CGGACGTTCGATGAGG-1,0.8119491,2
CGGACTGAGGTGCTTT-1,0.84036237,2
CGGACTGGTGGTCTCG-1,0.15805928,9
CGGACTGTCAATAAGG-1,0.09858677,13
CGGACTGTCCGTAGGC-1,0.8500729,1
CGGAGCTCAAGACACG-1,0.060263157,13
CGGAGCTCATTCTTAC-1,0.14859712,8
CGGAGTCAGCGACGTA-1,0.373001,3
CGGAGTCCATCACAAC-1,0.021330144,14
CGGCTAGAGCGAGAAA-1,0.2960791,6
CGGCTAGAGTAGATGT-1,0.25503042,6
CGGCTAGCACGCATCG-1,0.2634911,7
CGGGTCAAGAAACCGC-1,0.48611435,6
CGGGTCAAGGTGCTTT-1,0.13830899,13
CGGGTCAGTACGCACC-1,0.88437754,1
CGGTTAAAGCGATATA-1,0.6285922,5
CGGTTAACACGGATAG-1,0.55425936,5
CGTAGCGCAACTGCGC-1,0.11629039,10
CGTAGCGCACCCATGG-1,0.061261225,8
CGTAGCGGTCATTAGC-1,0.28323194,7
CGTAGCGGTTACGCGC-1,0.26785603,7
CGTAGGCAGGAACTGC-1,0.4446844,3
CGTAGGCAGGTGCACA-1,0.21795413,3
CGTAGGCCACGGCGTT-1,0.04174574,11
CGTAGGCGTGTTGGGA-1,0.08754983,12
CGTAGGCGTTCACGGC-1,0.056636754,14
CGTAGGCTCACTGGGC-1,0.10474879,8
CGTAGGCTCCACGTTC-1,0.4729626,6
CGTCACTAGCTCCTCT-1,0.13654472,8
CGTCACTCATGCTGGC-1,0.056180224,11
CGTCACTGTATCGCAT-1,0.14518397,8
CGTCACTTCTAACTCT-1,0.21607915,4
CGTCAGGAGAGTGACC-1,0.042996664,14
CGTCAGGAGGGCATGT-1,0.0895486,8
CGTCCATAGGTGATTA-1,0.09179627,8
CGTCCATCACGCTTTC-1,0.3693412,7
CGTCCATCATTCACTT-1,0.34473696,7
CGTCCATGTGCAGACA-1,0.1105101,13
CGTCCATTCTATCCCG-1,0.14664806,13
CGTCTACAGGCTAGGT-1,0.29281148,7
CGTCTACAGTGGTAGC-1,0.36398947,3
CGTCTACCAGCGTCCA-1,0.2670051,3
CGTCTACCATGCTAGT-1,0.53396237,5
CGTGAGCAGGAGTTGC-1,0.10027102,13
CGTGAGCCAGGGAGAG-1,0.096270435,10
CGTGAGCCAGTATAAG-1,0.2660164,7
CGTGAGCTCGGTCTAA-1,0.53768486,2
CGTGTAAAGCCCAGCT-1,0.42174095,2
CGTGTAAAGTTGTAGA-1,0.29518735,7
CGTGTCTCACAACGCC-1,0.090037525,11
CGTGTCTCACATTTCT-1,0.047918748,11
CGTGTCTCATCCGCGA-1,0.38153222,3
CGTGTCTGTTAAGTAG-1,0.070674464,10
CGTGTCTTCGTCTGAA-1,0.08183856,10
CGTGTCTTCTGAGGGA-1,0.17352474,12
CGTTAGAAGGAGCGTT-1,0.03607301,14
CGTTAGACAATAGCGG-1,0.59990346,5
CGTTAGACAGGGTTAG-1,0.87910515,1
CGTTCTGAGTAAGTAC-1,0.43602052,6
CGTTCTGCACCGAAAG-1,0.23196071,7
CGTTCTGCACGTGAGA-1,0.035746325,4
CGTTCTGCATGCAATC-1,0.8652366,1
CGTTCTGGTATGAAAC-1,0.017148148,14
CGTTCTGTCGCCTGTT-1,0.26883858,7
CGTTCTGTCTTGCAAG-1,0.13308077,13
CGTTGGGAGCAATCTC-1,0.32268044,7
CGTTGGGAGGCTAGGT-1,0.38680318,3
CGTTGGGAGTATTGGA-1,0.16562776,9
CGTTGGGCACAACTGT-1,0.43957958,6
CGTTGGGCATTCTTAC-1,0.31700668,7
CTAACTTAGGATCGCA-1,0.31201082,7
CTAACTTCAAGTAATG-1,0.10225115,13
CTAACTTCACGCATCG-1,0.3875248,3
CTAAGACAGCCAACAG-1,0.28941244,7
CTAAGACTCAATACCG-1,0.009445675,14
CTAAGACTCGCATGAT-1,0.053205665,11
CTAATGGCATCACGTA-1,0.042519964,11
CTAATGGGTTCTCATT-1,0.13307405,12
CTAATGGTCAGTTGAC-1,0.17583057,9
CTAATGGTCGGTTCGG-1,0.10375374,12
CTAATGGTCGTTGCCT-1,0.0684894,11
CTACACCAGGGCTCTC-1,0.17709197,9
CTACACCCAATGGAGC-1,0.20171103,9
CTACACCCAGTATGCT-1,0.013992217,14
CTACACCGTGCAACGA-1,0.47974265,6
CTACACCGTGGTGTAG-1,0.055343032,11
CTACATTAGTACGATA-1,0.8915101,1
CTACATTCACAGACAG-1,0.91379,1
CTACATTCAGTGAGTG-1,0.1013084,12
CTACCCAGTCCGAGTC-1,0.3617047,7
CTACCCAGTCGTGGCT-1,0.99205023,1
CTACCCAGTGTGAATA-1,0.8078612,1
CTACGTCAGGAGCGTT-1,0.05904935,11
CTACGTCGTACACCGC-1,0.2887513,3
CTACGTCGTGTGTGCC-1,0.15495913,8
CTACGTCTCGAATCCA-1,0.2865074,7
CTAGAGTAGAAGGTTT-1,0.08354843,11
CTAGAGTAGAGCTTCT-1,0.033472426,11
CTAGAGTTCCAAACAC-1,0.15700859,10
CTAGAGTTCTTCCTTC-1,0.25144106,7
CTAGCCTAGAGGACGG-1,0.4832117,6
CTAGCCTAGCTGTTCA-1,0.82412803,1
CTAGCCTCATACTCTT-1,0.009179791,14
CTAGTGAAGGATGCGT-1,0.07619795,11
CTAGTGAAGTTGAGAT-1,0.33565745,3
CTAGTGAGTCTAACGT-1,0.16331604,9
CTAGTGAGTGTGCGTC-1,0.2651784,3
CTCACACCAAGTAATG-1,0.8952756,1
CTCACACCACGTAAGG-1,0.052100163,11
CTCACACGTAATCACC-1,0.24687856,7
CTCACACGTCAGAATA-1,0.91523,1
CTCAGAAAGAATTGTG-1,0.8126434,2
CTCAGAAAGCTAAGAT-1,0.44460893,2
CTCAGAACACATCCGG-1,0.02363528,14
CTCATTACAATCACAC-1,0.07631372,13
CTCATTATCCGTCATC-1,0.672695,2
CTCCTAGCAAACGCGA-1,0.57257855,5
CTCCTAGCATCAGTCA-1,0.26542056,7
CTCGAAAAGGGCTTGA-1,0.105691604,8
CTCGAAACAGCCTATA-1,0.7017885,5
CTCGAAACAGCTGGCT-1,0.13524644,12
CTCGAAAGTATATCCG-1,0.5698269,5
CTCGAGGGTAGCAAAT-1,0.1197133,12
CTCGAGGGTCTACCTC-1,0.33542886,3
CTCGGAGCAACGATGG-1,0.39533553,6
CTCGGAGGTGCTGTAT-1,0.5178567,5
CTCGGGATCAACACCA-1,0.85414374,1
CTCGGGATCAGTCCCT-1,0.1451455,13
CTCGTACAGATCTGAA-1,0.080073215,11
CTCGTACGTAATAGCA-1,0.30588892,7
CTCGTACGTAGCCTCG-1,0.078503974,11
CTCGTACTCCCTCAGT-1,0.12824172,10
CTCGTACTCCTTCAAT-1,0.9832428,1
CTCGTCAAGATATGGT-1,0.09035446,8
CTCGTCAAGGCTATCT-1,0.038243685,14
CTCGTCACAGGAATCG-1,0.5966134,5
CTCGTCAGTGGAAAGA-1,0.31758717,7
CTCGTCAGTGTGAAAT-1,0.116915725,8
CTCGTCATCAACCATG-1,0.3508066,6
CTCGTCATCAACGGGA-1,0.19279711,9
CTCGTCATCGCCTGAG-1,0.1887114,9
CTCTAATAGGTCATCT-1,0.09885619,13
CTCTAATAGTGCCAGA-1,0.11552566,13
CTCTAATGTAATCACC-1,0.38330314,6
CTCTAATGTTGAGGTG-1,0.5256654,5
CTCTAATTCTCTTGAT-1,0.24154271,7
CTCTACGAGATGTAAC-1,0.056847077,11
CTCTACGAGCAGCCTC-1,0.08960104,10
CTCTACGAGCGTTCCG-1,0.11598859,13
CTCTACGCAGGGTTAG-1,0.16460295,9
CTCTACGTCGAATGGG-1,0.40857592,3
CTCTGGTGTTGCGTTA-1,0.8773802,1
CTGAAACAGATATGGT-1,0.9895381,1
CTGAAACAGTAGTGCG-1,0.047197588,11
CTGAAACCATCACGAT-1,0.073762305,11
CTGAAGTAGAAACGCC-1,0.2067888,6
CTGAAGTCAAAGTCAA-1,0.6794756,5
CTGAAGTCACCGAATT-1,0.14560899,13
CTGAAGTTCAGTACGT-1,0.8807874,1
CTGATAGGTATTACCG-1,0.12325704,13
CTGATAGGTCGGCTCA-1,0.4281084,3
CTGATCCAGCGTCTAT-1,0.04952636,11
CTGATCCCAATGAAAC-1,0.09271227,4
CTGATCCTCGCACTCT-1,0.87384176,1
CTGATCCTCTGGTATG-1,0.02112859,14
CTGCCTAAGCGTCAAG-1,0.34370664,7
CTGCCTAAGGAACTGC-1,0.79031605,2
CTGCCTACAGTGAGTG-1,0.13394919,8
CTGCCTATCCGCGTTT-1,0.050884455,11
CTGCGGAGTCGAGTTT-1,0.4387083,6
CTGCGGATCTTAGCCC-1,0.12215799,13
CTGCTGTCAGCTGCAC-1,0.73950225,2
CTGCTGTGTATTCGTG-1,0.13896829,8
CTGGTCTCATAGGATA-1,0.17715658,9
CTGGTCTCATCGATTG-1,0.10602416,10
CTGTGCTAGGAGTTTA-1,0.4292355,3
CTGTGCTAGTTGTAGA-1,0.14940129,13
CTGTTTAAGTGAATTG-1,0.8154638,1
CTGTTTAAGTGACTCT-1,0.07697397,11
CTTAACTAGGACTGGT-1,0.13540258,13
CTTAACTCAATGTAAG-1,0.42340067,3
CTTAACTGTAGGAGTC-1,0.092253484,11
CTTAACTTCGCGTAGC-1,0.08499592,13
CTTACCGCAAAGTGCG-1,0.13160382,13
CTTACCGCAGCGTTCG-1,0.2662335,7
CTTACCGGTACTCAAC-1,0.26723632,3
CTTACCGGTTAAGATG-1,0.13620465,13
CTTAGGACAGCCTGTG-1,0.13784304,8
CTTAGGATCGTCGTTC-1,0.54947704,5
CTTCTCTAGATCGATA-1,0.11051318,13
CTTCTCTGTGCGATAG-1,0.071839824,13
CTTGGCTGTCCCTTGT-1,0.30969647,7
CTTGGCTGTGATAAGT-1,0.14752232,8
CTTGGCTTCGGAGGTA-1,0.1218409,13
CTTTGCGAGGAGCGTT-1,0.26854166,3
CTTTGCGGTAGGCTGA-1,0.37908342,7
CTTTGCGGTTCAGGCC-1,0.6275283,2
GAAACTCAGACAGGCT-1,0.20410047,9
GAAACTCCACGGCTAC-1,0.33560008,3
GAAACTCTCTAACTTC-1,0.35579285,7
GAAATGACAAATACAG-1,0.8644761,1
GAAATGACAATGGATA-1,0.07044909,11
GAAATGACACAGGAGT-1,0.10375454,13
GAAATGACATGGGAAC-1,0.09795032,13
GAAATGAGTCACTGGC-1,0.09428671,8
GAACATCAGGACTGGT-1,0.08528357,13
GAACATCCAATGGACG-1,0.13051187,12
GAACATCGTGTCAATC-1,0.96715766,1
GAACCTAAGAAACCGC-1,0.09201685,12
GAACCTAAGAGTAATC-1,0.34924924,7
GAACCTACAGCTGCAC-1,0.24617112,7
GAACCTAGTAGGACAC-1,0.53654927,5
GAACGGACATGGTAGG-1,0.22610559,9
GAACGGACATGTCTCC-1,0.03429364,14
GAACGGATCTTGAGAC-1,0.41205016,3
GAAGCAGAGTGGACGT-1,0.15382716,9
GAAGCAGCATGACGGA-1,0.18691325,9
GAATAAGAGCTCCTCT-1,0.18591458,9
GAATAAGAGCTTTGGT-1,0.06643292,11
GAATAAGAGTGTACCT-1,0.3165063,7
GAATAAGGTTTAAGCC-1,0.12119425,13
GAATAAGTCTCAAACG-1,0.27707842,7
GAATAAGTCTTGCCGT-1,0.3497842,7
GAATGAAAGGGAACGG-1,0.07379027,11
GAATGAAAGGGAGTAA-1,0.19789895,9
GAATGAACAAGCTGGA-1,0.22733983,9
GAATGAATCGTCACGG-1,0.8407285,2
GAATGAATCTAACTCT-1,0.1865272,9
GACACGCCAAGCCGCT-1,0.27591634,3
GACACGCTCCGTCATC-1,0.9303753,1
GACACGCTCGTCCGTT-1,0.2752631,3
GACAGAGCAAGTCATC-1,0.17070177,10
GACAGAGGTGGACGAT-1,0.3136471,3
GACAGAGTCTGCAAGT-1,0.14289714,8
GACCAATAGATCCGAG-1,0.892016,1
GACCAATAGTGTTTGC-1,0.04424418,14
GACCAATAGTTCCACA-1,0.61715925,5
GACCAATCACCGTTGG-1,0.1833811,13
GACCAATCATCAGTAC-1,0.12572007,8
GACCAATGTAGCACGA-1,0.05914236,11
GACCAATTCATCACCC-1,0.088519,11
GACCAATTCCGATATG-1,0.05546027,4
GACCAATTCCGCAAGC-1,0.84716403,2
GACGCGTAGGCCCGTT-1,0.16881381,9
GACGCGTGTCTTGATG-1,0.13710414,8
GACGGCTAGACGACGT-1,0.038476534,14
GACGGCTGTGACCAAG-1,0.95274645,1
GACGGCTGTTTCGCTC-1,0.05688554,11
GACGTGCCAGTGACAG-1,0.26956302,7
GACGTTAAGAGCTGCA-1,0.56538856,5
GACTAACAGCTCCTCT-1,0.091655985,10
GACTAACAGTCTTGCA-1,0.040982388,4
GACTAACGTGACTCAT-1,0.05278049,11
GACTAACTCGGATGTT-1,0.11900389,13
GACTACAAGGGATCTG-1,0.44614756,6
GACTACACAAAGAATC-1,0.076495804,11
GACTGCGGTAGCGTAG-1,0.676272,5
GACTGCGGTCACTTCC-1,0.16104837,9
GAGCAGAAGACTGGGT-1,0.46186742,6
GAGCAGAGTATATGGA-1,0.39993516,2
GAGCAGAGTTCTGAAC-1,0.20321362,9
GAGCAGATCATCGATG-1,0.14457649,13
GAGCAGATCTGTGCAA-1,0.98065794,1
GAGCAGATCTGTTTGT-1,0.6623721,5
GAGGTGACAAGACGTG-1,0.6214405,5
GAGGTGAGTGATGTGG-1,0.12163112,13
GAGTCCGCACCACGTG-1,0.051472,11
GAGTCCGGTAGGCTGA-1,0.009290856,14
GAGTCCGGTGAAAGAG-1,0.19136617,9
GAGTCCGGTGCACGAA-1,0.23925485,6
GAGTCCGTCACAAACC-1,0.21285701,6
GATCAGTAGCTATGCT-1,0.14859197,9
GATCGATAGGGAAACA-1,0.17877682,9
GATCGATCATCACAAC-1,0.8386549,2
GATCGATGTGTTGGGA-1,0.036250237,4
GATCGATTCGGTTCGG-1,0.4209047,6
GATCGCGAGACAGAGA-1,0.113192335,10
GATCGCGAGATACACA-1,0.94722617,1
GATCGCGCAATGAATG-1,0.5415204,5
GATCGCGCACCCATGG-1,0.236426,7
GATCGCGTCTGATTCT-1,0.12135554,10
GATCGTATCCAGAGGA-1,0.2213676,9
GATCTAGCATTCGACA-1,0.31542936,7
GATGAAACAGCTCGAC-1,0.03298906,14
GATGAAATCGGGAGTA-1,0.93495,1
GATGAGGCAAGAAAGG-1,0.14398341,8
GATGAGGCAAGTTCTG-1,0.90902334,1
GATGAGGCACTAAGTC-1,0.16480243,9
GATGAGGCAGGAACGT-1,0.43943405,3
GATGAGGGTACACCGC-1,0.05892439,14
GATGAGGGTTACGACT-1,0.51336664,5
GATGCTAAGGCTACGA-1,0.32506135,3
GATGCTATCACAGGCC-1,0.051655766,11
GATGCTATCTTTAGGG-1,0.7982544,2
GATTCAGTCATTGCGA-1,0.16628334,10
GCAAACTAGTGTGGCA-1,0.30417234,7
GCACATAAGATATGGT-1,0.20305221,9
GCACATAAGCAATATG-1,0.24548541,7
GCACATAAGGGTCTCC-1,0.07599325,11
GCACATACATCAGTAC-1,0.20526858,9
GCACATACATCGGTTA-1,0.18758386,9
GCACATACATTGTGCA-1,0.3358148,7
GCACATATCCCAGGTG-1,0.092161246,11
GCACATATCCTTTACA-1,0.25108114,7
GCACTCTAGCTGTCTA-1,0.01863409,14
GCACTCTGTTCGAATC-1,0.17965068,9
GCAGCCACAGGCAGTA-1,0.86993665,1
GCAGCCATCACTTATC-1,0.18404464,9
GCAGTTAAGCGACGTA-1,0.17572607,12
GCAGTTAAGGATGGAA-1,0.046387743,11
GCAGTTAGTAAATACG-1,0.17582422,9
GCATACAGTGGTACAG-1,0.08285466,13
GCATACATCACTCTTA-1,0.12783796,13
GCATGATAGGACACCA-1,0.282136,7
GCATGATAGTGGGATC-1,0.28212863,7
GCATGATCACCGAATT-1,0.6035356,5
GCATGCGTCTTCGAGA-1,0.022858774,14
GCATGTAAGACTACAA-1,0.7467897,1
GCATGTACAGTTCCCT-1,0.14696671,9
GCATGTACATGAGCGA-1,0.767076,1
GCATGTAGTAGCAAAT-1,0.07931922,11
GCATGTAGTGTTAAGA-1,0.88502544,1
GCATGTATCACCATAG-1,0.07770081,11
GCCAAATTCCTTCAAT-1,0.42161626,3
GCCTCTACACAAGTAA-1,0.07926764,11
GCCTCTAGTGACTACT-1,0.07429223,11
GCCTCTAGTGTGAAAT-1,0.12943691,13
GCGACCAAGAGTAATC-1,0.11493282,8
GCGACCACAAGAGTCG-1,0.3476639,7
GCGACCACACTGAAGG-1,0.07443021,11
GCGACCACAGTCAGAG-1,0.083508335,13
GCGACCAGTGGTACAG-1,0.5883043,5
GCGACCATCAGGATCT-1,0.10632702,8
GCGACCATCGTCTGAA-1,0.1668249,9
GCGAGAAAGACAAAGG-1,0.23309769,7
GCGAGAAGTCCGTTAA-1,0.03410533,11
GCGAGAAGTTAAGATG-1,0.063904844,11
GCGCAACAGTGAAGAG-1,0.89247465,1
GCGCAACTCCTTGCCA-1,0.89825594,1
GCGCAACTCTCACATT-1,0.46352205,6
GCGCAGTAGTCTCGGC-1,0.039270524,11
GCGCAGTCACTGTTAG-1,0.2959427,6
GCGCAGTGTGATGATA-1,0.24976185,7
GCGCCAAAGGTCGGAT-1,0.23191626,7
GCGCCAAGTCTCCATC-1,0.5800637,5
GCGCCAAGTGTCCTCT-1,0.22704886,9
GCGCCAATCAGTCAGT-1,0.08123972,11
GCGCCAATCGGTTCGG-1,0.1905688,9
GCGCGATGTTTGTGTG-1,0.12786388,8
GCGCGATTCATAACCG-1,0.83009404,1
GCGGGTTAGGCACATG-1,0.16455935,9
GCGGGTTCAAGTAATG-1,0.019145602,14
GCGGGTTCATTTGCTT-1,0.3773506,7
GCGGGTTTCAACGAAA-1,0.044546682,11
GCGGGTTTCTTGAGGT-1,0.18013449,4
GCTCCTAAGACACTAA-1,0.0647949,4
GCTCCTAAGTTTAGGA-1,0.8701461,1
GCTCCTACACGGTGTC-1,0.517374,5
GCTCCTATCTCGTATT-1,0.047429636,11
GCTCCTATCTGTCTCG-1,0.0798327,10
GCTCTGTCAAGGACAC-1,0.1829507,9
GCTCTGTTCGTCACGG-1,0.020827966,14
GCTGCAGAGGGCATGT-1,0.592038,5
GCTGCAGGTCGTGGCT-1,0.6395419,5
GCTGCGAAGACCTAGG-1,0.23458451,6
GCTGCGAAGAGATGAG-1,0.03874208,11
GCTGCGACACAGCGTC-1,0.5961463,5
GCTGCGACAGGCAGTA-1,0.15071605,13
GCTGCGAGTGTGGCTC-1,0.94342685,1
GCTGCGATCTGTTTGT-1,0.24154542,9
GCTGCTTAGGGATCTG-1,0.15090519,9
GCTGCTTCAGATCGGA-1,0.3988406,3
GCTGCTTGTAGGGTAC-1,0.09820846,8
GCTGGGTCAAGGCTCC-1,0.09933154,13
GCTGGGTGTACCGGCT-1,0.37472755,3
GCTGGGTGTGAAATCA-1,0.42222047,2
GCTGGGTGTTGTCTTT-1,0.13827115,13
GCTTCCACAAAGGAAG-1,0.17597026,9
GCTTCCACAAGCCGCT-1,0.12162575,12
GCTTCCACATCAGTAC-1,0.88479215,1
GCTTGAAAGGCTATCT-1,0.036002297,14
GCTTGAAGTGTGAATA-1,0.15577261,9
GCTTGAATCCGCATCT-1,0.31008965,3
GCTTGAATCCTTGACC-1,0.16651239,9
GCTTGAATCGCAAGCC-1,0.23216923,7
GGAAAGCAGTTCGCAT-1,0.17134507,12
GGAAAGCTCACTGGGC-1,0.37593147,7
GGAACTTAGAGCAATT-1,0.26197782,7
GGAACTTCAGGAACGT-1,0.69644755,2
GGAACTTCAGGTGCCT-1,0.22585963,4
GGAACTTTCACGAAGG-1,0.2933333,7
GGAATAACAGGCAGTA-1,0.15278108,9
GGAATAATCATGCAAC-1,0.08079503,8
GGACAAGAGGGTATCG-1,0.12875363,10
GGACAAGGTATTCGTG-1,0.36689943,7
GGACAAGGTGGCTCCA-1,0.08748944,13
GGACAAGTCAACGGCC-1,0.15560955,13
GGACAGAAGGGAAACA-1,0.13239612,13
GGACAGACAATGGATA-1,0.06518699,11
GGACAGACACCGATAT-1,0.10331913,13
GGACAGACAGGTTTCA-1,0.25308222,7
GGACATTCAGATTGCT-1,0.09030645,12
GGACATTCATATACGC-1,0.107492246,13
GGACGTCAGAATAGGG-1,0.057611946,14
GGACGTCAGAGTTGGC-1,0.27394134,7
GGACGTCAGCGACGTA-1,0.07729715,13
GGACGTCAGTATCTCG-1,0.044719223,11
GGACGTCCAGGGCATA-1,0.14311655,12
GGACGTCCATTAGCCA-1,0.28781906,3
GGACGTCGTGAGGGTT-1,0.114394024,13
GGAGCAATCATTGCCC-1,0.04843642,11
GGATGTTAGCTATGCT-1,0.27958563,7
GGATGTTCAATCGGTT-1,0.08904421,13
GGATGTTCACGCCAGT-1,0.5176164,5
GGATGTTGTATAATGG-1,0.11127478,4
GGATTACAGTGATCGG-1,0.21067813,9
GGCAATTCACCAGCAC-1,0.30468425,3
GGCAATTCATTGAGCT-1,0.15209314,4
GGCAATTTCCAGTAGT-1,0.06911854,11
GGCCGATAGGACCACA-1,0.2407651,7
GGCCGATCAATGGTCT-1,0.5403803,5
GGCCGATCAGGTGGAT-1,0.123042524,13
GGCGACTTCTTGAGGT-1,0.10176656,10
GGCGTGTCAGTATAAG-1,0.37855908,6
GGCGTGTCATTTGCCC-1,0.04981445,13
GGCGTGTGTATTCTCT-1,0.15962923,8
GGCGTGTTCATGTGGT-1,0.08506729,4
GGCTCGAGTCTAGTGT-1,0.08760846,13
GGCTCGATCCTTTCTC-1,0.49056113,2
GGCTGGTAGCGTGTCC-1,0.30072337,7
GGCTGGTAGCTCTCGG-1,0.7984207,2
GGCTGGTAGGCTAGCA-1,0.7929372,2
GGCTGGTGTAGAGGAA-1,0.15147634,9
GGCTGGTGTTAGAACA-1,0.13964371,8
GGGAATGAGCGATAGC-1,0.14510821,12
GGGAATGCAGATTGCT-1,0.71234334,2
GGGACCTAGCCTATGT-1,0.074872725,13
GGGACCTCACCCAGTG-1,0.18451805,9
GGGACCTGTCAGGACA-1,0.071297035,11
GGGACCTGTGTGACGA-1,0.13004322,8
GGGAGATCAGTATCTG-1,0.1076899,10
GGGATGAGTTCCACTC-1,0.43526888,6
GGGATGATCGTGGGAA-1,0.90541255,2
GGGCACTGTGGTCTCG-1,0.32863048,3
GGGCATCCAACGCACC-1,0.08669727,10
GGGCATCCACCAGGCT-1,0.07929515,13
GGGCATCCAGTGAGTG-1,0.40180767,6
GGGCATCTCCTCAATT-1,0.08555145,13
GGGTCTGAGATACACA-1,0.6229822,5
GGGTCTGAGGAATTAC-1,0.13733883,13
GGGTCTGAGTCTCAAC-1,0.026395349,14
GGGTCTGGTCGGCACT-1,0.20242652,4
GGGTTGCCAATGAATG-1,0.29178956,7
GGTATTGCATGGTCTA-1,0.9885964,1
GGTATTGTCTTGAGAC-1,0.04113619,14
GGTGAAGCAACGATCT-1,0.087815374,8
GGTGAAGGTAAAGGAG-1,0.11231495,8
GGTGAAGGTGTCCTCT-1,0.427758,2
GGTGAAGGTTTGTTTC-1,0.10126811,13
GGTGCGTAGTCGAGTG-1,0.026609167,11
GGTGCGTCAGCGTAAG-1,0.5780655,2
GGTGCGTGTGGGTCAA-1,0.057273775,4
GGTGCGTGTTCACGGC-1,0.08446071,11
GGTGCGTTCATCGGAT-1,0.015792672,14
GGTGCGTTCCCTCAGT-1,0.005160922,14
GGTGCGTTCTGGAGCC-1,0.27521914,7
GGTGTTACACAGAGGT-1,0.046242576,14
GGTGTTATCCAACCAA-1,0.36576214,7
GTAACGTAGACATAAC-1,0.14436986,12
GTAACGTAGACTAAGT-1,0.14945292,9
GTAACGTCAATCCGAT-1,0.33549985,3
GTAACGTCAGTCAGCC-1,0.51830626,6
GTAACTGCAAGTTCTG-1,0.25605056,3
GTAACTGCACACAGAG-1,0.11890439,13
GTAACTGTCAACGCTA-1,0.118083686,8
GTAACTGTCGATGAGG-1,0.014767977,14
GTACGTAAGACTTTCG-1,0.27797344,7
GTACGTAGTCTTCGTC-1,0.100695804,8
GTACTCCCAATGGATA-1,0.8808112,2
GTACTCCGTGTGTGCC-1,0.3987509,2
GTACTCCTCTGGTATG-1,0.11681468,8
GTACTTTAGATATGCA-1,0.6992272,2
GTACTTTAGCCAACAG-1,0.450484,6
GTACTTTAGGTTACCT-1,0.07048286,11
GTAGGCCGTGAAGGCT-1,0.034051377,14
GTAGGCCTCTCTAAGG-1,0.07358411,11
GTAGGCCTCTTGCAAG-1,0.05905162,11
GTAGTCAAGATCGGGT-1,0.24521089,7
GTAGTCACACGCATCG-1,0.1582625,12
GTAGTCACAGAGTGTG-1,0.26946706,7
GTAGTCAGTGACTACT-1,0.62932384,2
GTATCTTAGAGTTGGC-1,0.020788519,14
GTATCTTAGTCATCCA-1,0.34120908,3
GTATCTTCAAGGCTCC-1,0.049906254,11
GTATCTTCATGCATGT-1,0.3636685,6
GTATCTTGTCTTTCAT-1,0.3392646,7
GTATTCTAGCTGCGAA-1,0.3533337,7
GTATTCTAGTGTACTC-1,0.46534368,6
GTATTCTCACATCCGG-1,0.039915606,11
GTATTCTGTACATCCA-1,0.8372066,1
GTATTCTGTATGGTTC-1,0.7461964,1
GTCACAATCTCAAACG-1,0.048771296,8
GTCACGGAGTGAAGAG-1,0.08946388,11
GTCACGGTCATCTGCC-1,0.27738968,6
GTCATTTGTAAACACA-1,0.006054518,14
GTCATTTTCACGACTA-1,0.10338404,13
GTCCTCACAAGCCATT-1,0.83125925,2
GTCCTCACACAGGTTT-1,0.17502092,9
GTCGGGTAGATCCCGC-1,0.79533714,1
GTCGGGTAGGCTATCT-1,0.2888881,7
GTCGGGTAGTCGTTTG-1,0.13972977,8
GTCGGGTCACCAGTTA-1,0.26852378,4
GTCGGGTCATGCCCGA-1,0.06063515,11
GTCGGGTGTTTGACTG-1,0.055436388,11
GTCGTAAAGAATTGTG-1,0.13468331,13
GTCGTAACACGTCAGC-1,0.12440398,12
GTCGTAAGTATCTGCA-1,0.08173267,8
GTCTCGTAGTACGTAA-1,0.10351393,12
GTCTCGTCACCTCGGA-1,0.3143535,13
GTCTCGTGTAAGGGCT-1,0.07110373,11
GTCTCGTGTCAATGTC-1,0.31093928,7
GTCTCGTTCTCCAGGG-1,0.10018801,12
GTCTTCGAGATTACCC-1,0.27513006,3
GTCTTCGCAGATGGCA-1,0.8777545,1
GTCTTCGGTGCAGTAG-1,0.101509996,8
GTCTTCGGTGTTAAGA-1,0.2403622,7
GTCTTCGGTTATGTGC-1,0.76941705,2
GTCTTCGTCTTACCTA-1,0.817874,1
GTGAAGGAGCTATGCT-1,0.18209606,9
GTGCAGCCAAGCGATG-1,0.07137094,11
GTGCAGCTCGAGCCCA-1,0.05187601,10
GTGCATAAGAAGATTC-1,0.12543364,8
GTGCATACACAAGTAA-1,0.060682844,11
GTGCGGTGTCGGGTCT-1,0.07663938,11
GTGCTTCAGTACGCGA-1,0.8033387,1
GTGGGTCAGACTTGAA-1,0.9020404,1
GTGGGTCAGGACACCA-1,0.06549665,13
GTGGGTCCAAGGACAC-1,0.006874791,14
GTGTGCGAGCTTTGGT-1,0.06424219,14
GTGTGCGCAATCAGAA-1,0.112947404,4
GTGTGCGGTCGCATCG-1,0.071348555,11
GTGTTAGGTAAGGGCT-1,0.14217247,13
GTGTTAGTCCACGACG-1,0.38218766,7
GTGTTAGTCGAATGGG-1,0.17495409,9
GTTAAGCCAGATCGGA-1,0.572858,5
GTTAAGCCATGCCCGA-1,0.55418766,5
GTTAAGCTCCGCATCT-1,0.3200256,7
GTTAAGCTCTCCTATA-1,0.28356618,7
GTTACAGCACGTTGGC-1,0.12447781,13
GTTACAGGTCGTGGCT-1,0.084823616,14
GTTACAGTCTACTTAC-1,0.052603807,11
GTTCATTAGCAGGTCA-1,0.054359056,11
GTTCATTAGTCATCCA-1,0.6535078,5
GTTCATTAGTGTCCCG-1,0.086304486,10
GTTCATTGTAGTGAAT-1,0.072566375,11
GTTCATTTCTGATACG-1,0.33378574,3
GTTCATTTCTTCATGT-1,0.124527074,8
GTTCGGGGTCACCTAA-1,0.6875764,2
GTTCGGGGTGGCTCCA-1,0.25646645,3
GTTCGGGTCCACGAAT-1,0.31698686,3
GTTCGGGTCCTGCTTG-1,0.0691008,14
GTTCTCGAGTAGCCGA-1,0.26397642,7
GTTCTCGGTGTGAATA-1,0.3784568,3
GTTCTCGGTTCCGTCT-1,0.124553174,12
GTTCTCGTCCGCGGTA-1,0.9772967,1
GTTCTCGTCTCGAGTA-1,0.077429004,11
GTTCTCGTCTGTTGAG-1,0.3930555,3
GTTTCTAGTGAGCGAT-1,0.14621313,8
TAAACCGCATCAGTAC-1,0.8633618,1
TAAACCGTCGTAGGTT-1,0.071930066,11
TAAACCGTCGTGGACC-1,0.36973318,7
TAAGAGACAGTGGGAT-1,0.88384354,1
TAAGAGACATATACGC-1,0.12318544,8
TAAGAGATCCGTCAAA-1,0.25039276,3
TAAGCGTGTAAATGTG-1,0.060200926,8
TAAGCGTTCTGCAAGT-1,0.20427267,7
TAAGTGCCAACACCCG-1,0.4193981,6
TAAGTGCTCGAATGGG-1,0.14198805,13
TACACGAGTGTAAGTA-1,0.29918936,7
TACAGTGCAACTGGCC-1,0.47925693,6
TACAGTGCACATGTGT-1,0.6393429,5
TACAGTGCAGCGTTCG-1,0.37662774,3
TACAGTGCAGCTGCAC-1,0.4501453,2
TACAGTGGTCGAGTTT-1,0.5347019,5
TACAGTGGTCTCTTTA-1,0.08188369,11
TACAGTGTCACGATGT-1,0.44581482,3
TACCTATAGTCGATAA-1,0.05676249,14
TACCTATGTCAGCTAT-1,0.11184263,10
TACCTATGTCGCCATG-1,0.5707154,2
TACCTATGTTTACTCT-1,0.09041458,8
TACCTTAGTCAGAATA-1,0.44139755,2
TACCTTATCACTTACT-1,0.06442696,11
TACGGATAGCACAGGT-1,0.14031497,9
TACGGGCAGTCGTACT-1,0.042757787,11
TACGGGCCAGGTTTCA-1,0.10899264,10
TACGGGCGTTAAAGTG-1,0.36048892,7
TACGGTAAGAACAATC-1,0.3780247,6
TACGGTAAGATCCCAT-1,0.22344221,7
TACGGTAAGCACCGTC-1,0.24555972,7
TACGGTACACGTCAGC-1,0.2354995,7
TACGGTAGTTGTTTGG-1,0.4644733,6
TACGGTATCTGGGCCA-1,0.23487252,9
TACTCATAGATGCCAG-1,0.15011434,8
TACTCATAGGGATGGG-1,0.2536516,7
TACTCATAGTTCGATC-1,0.037268993,14
TACTCATGTCTAGTCA-1,0.17496814,13
TACTCATTCACGCATA-1,0.40449658,3
TACTCGCAGAGTACAT-1,0.2132478,3
TACTCGCCAGCTCGCA-1,0.098410696,8
TACTCGCTCTAAGCCA-1,0.58349675,5
TACTCGCTCTGTCCGT-1,0.031366855,14
TACTTACAGTCAAGCG-1,0.5938854,5
TACTTGTCAAGGACAC-1,0.06578231,11
TACTTGTCACACCGAC-1,0.082572654,11
TACTTGTGTCTCGTTC-1,0.14388339,8
TACTTGTTCACAACGT-1,0.015438018,14
TACTTGTTCTTCAACT-1,0.14462462,10
TAGACCACAAACAACA-1,0.13442098,13
TAGACCACACAGCCCA-1,0.23471221,7
TAGACCAGTCATTAGC-1,0.7893549,2
TAGAGCTAGCTGCCCA-1,0.61285573,5
TAGAGCTCAGCGTTCG-1,0.41678432,3
TAGCCGGAGCATCATC-1,0.39553502,6
TAGCCGGCAGACACTT-1,0.9791093,1
TAGCCGGCAGACTCGC-1,0.085863926,10
TAGCCGGCAGGAATCG-1,0.1143171,8
TAGGCATGTCTCTTTA-1,0.12796158,13
TAGGCATTCAAGAAGT-1,0.24231698,7
TAGTGGTAGGCCCTTG-1,0.27271625,3
TAGTGGTAGTTTAGGA-1,0.19453128,4
TAGTGGTCAAGCTGGA-1,0.038850103,11
TAGTGGTTCCCGGATG-1,0.077876076,11
TAGTTGGGTGAACCTT-1,0.016787238,14
TATCAGGAGAGTCGGT-1,0.112907246,8
TATCAGGCATTGGCGC-1,0.21018887,9
TATCAGGGTAGCTAAA-1,0.82098466,1
TATCAGGGTTCTCATT-1,0.661291,5
TATCAGGTCGGCATCG-1,0.048439845,13
TATCAGGTCTTCATGT-1,0.3716295,6
TATCTCAGTTAAGACA-1,0.24098457,7
TATCTCATCCACGACG-1,0.101643585,12
TATCTCATCGGATGGA-1,0.11895837,12
TATGCCCCAGGCGATA-1,0.113923386,8
TATGCCCGTGACCAAG-1,0.14751364,8
TATTACCTCGGACAAG-1,0.117981784,13
TCAACGAAGCCAGGAT-1,0.083688475,4
TCAACGAAGGGATGGG-1,0.050440732,11
TCAACGAGTCTGGTCG-1,0.27343595,6
TCAATCTCATTGTGCA-1,0.32948676,6
TCAATCTGTACAGACG-1,0.16152975,9
TCAATCTTCAAAGTAG-1,0.076484196,13
TCACAAGAGGCCGAAT-1,0.10345829,13
TCACAAGAGTGGACGT-1,0.06475285,11
TCACAAGGTGAAAGAG-1,0.25692177,6
TCACGAAGTAGCGCTC-1,0.8686603,1
TCACGAATCCACGAAT-1,0.70553297,5
TCACGAATCCTCAACC-1,0.37468922,3
TCAGATGAGCGTAATA-1,0.32726768,3
TCAGATGAGGCAAAGA-1,0.32787195,3
TCAGATGCACCACGTG-1,0.046869207,11
TCAGATGGTGATGTCT-1,0.20324202,9
TCAGCAAAGGAATCGC-1,0.045917835,14
TCAGCAATCACCATAG-1,0.29907283,3
TCAGCTCCAAGTTGTC-1,0.28892124,7
TCAGCTCGTCAGGACA-1,0.43678838,2
TCAGGATAGCTGGAAC-1,0.06922305,11
TCAGGATGTAGTACCT-1,0.09379858,13
TCAGGTACACTCGACG-1,0.50209665,2
TCAGGTACATCGATGT-1,0.1450635,13
TCATTACAGCCATCGC-1,0.9605596,1
TCATTACAGGGCATGT-1,0.1138387,8
TCATTACGTACGAAAT-1,0.013184816,14
TCATTACGTCCGCTGA-1,0.033109214,4
TCATTACTCTGGTTCC-1,0.59520113,5
TCATTTGAGTGTACTC-1,0.1910994,9
TCATTTGCAACTGGCC-1,0.13675933,12
TCATTTGTCACTCCTG-1,0.39025697,3
TCATTTGTCTCCCTGA-1,0.35880828,3
TCCACACAGTACGTTC-1,0.142041,13
TCCACACAGTCTCGGC-1,0.23673967,7
TCCACACGTGGGTCAA-1,0.06489306,14
TCCACACGTTTCGCTC-1,0.23341504,7
TCCCGATAGCCACCTG-1,0.42513663,3
TCCCGATCAGTTCATG-1,0.40870005,6
TCCCGATGTGCAGACA-1,0.022553159,14
TCGAGGCAGAAGGTGA-1,0.08734094,11
TCGAGGCAGAATTCCC-1,0.11437891,13
TCGAGGCGTAGCGCTC-1,0.43383002,3
TCGAGGCGTGTAAGTA-1,0.21228313,3
TCGAGGCTCCGTCAAA-1,0.24245983,6
TCGCGAGCACCACCAG-1,0.299965,3
TCGCGAGCAGGACGTA-1,0.044767857,11
TCGCGAGCATTGGCGC-1,0.20569013,4
TCGCGTTAGGAGTAGA-1,0.5709508,5
TCGCGTTCATCGTCGG-1,0.42770585,6
TCGCGTTGTTCTGGTA-1,0.8287024,1
TCGGGACAGAGCAATT-1,0.08595671,11
TCGGGACCACTTACGA-1,0.31919512,7
TCGGGACGTGTTCTTT-1,0.07275219,11
TCGGGACTCACGCATA-1,0.0760072,11
TCGGTAACAAACCCAT-1,0.65777206,2
TCGGTAATCTCAACTT-1,0.24913026,7
TCGGTAATCTCTGAGA-1,0.06959749,8
TCGTACCCACAGCCCA-1,0.083463214,13
TCGTACCGTGCACGAA-1,0.08337874,10
TCGTACCGTTCGTTGA-1,0.13035256,13
TCGTAGAAGAGGTAGA-1,0.012649782,14
TCGTAGAAGTGAATTG-1,0.015454715,14
TCGTAGACAAAGTGCG-1,0.5122434,6
TCGTAGATCCGTACAA-1,0.45157984,2
TCTATTGAGAGATGAG-1,0.10157346,8
TCTATTGAGCGGATCA-1,0.137199,10
TCTATTGCATAGTAAG-1,0.846706,1
TCTATTGTCAGGTAAA-1,0.62976944,5
TCTCATACAAAGGTGC-1,0.12428236,13
TCTCATAGTATAGTAG-1,0.29815504,3
TCTCATATCCCACTTG-1,0.93115056,1
TCTCATATCTCGATGA-1,0.048756737,14
TCTCTAACAATGGAGC-1,0.07790113,8
TCTCTAACAGGTTTCA-1,0.1121762,13
TCTGAGAAGTTACCCA-1,0.11526593,8
TCTGAGAGTACGAAAT-1,0.3734459,7
TCTGAGAGTCACTGGC-1,0.22493967,7
TCTGGAACACAGACAG-1,0.27634883,7
TCTGGAACACGACGAA-1,0.39701638,6
TCTGGAACAGCTGGCT-1,0.101216115,4
TCTTCGGAGCACCGTC-1,0.09177234,12
TCTTCGGAGGCGTACA-1,0.18834308,9
TCTTCGGCATGAGCGA-1,0.44978917,6
TCTTTCCCAAGCCGCT-1,0.3158575,3
TCTTTCCTCGCGCCAA-1,0.06858472,11
TGAAAGAAGGAACTGC-1,0.06779083,11
TGACAACAGCGTGTCC-1,0.44649115,6
TGACAACCAAGCGTAG-1,0.26997033,3
TGACAACTCTTACCGC-1,0.33882028,3
TGACGGCAGCTACCTA-1,0.081074126,8
TGACGGCAGGAATCGC-1,0.14048201,13
TGACGGCGTACGAAAT-1,0.17190748,4
TGACGGCGTGTCAATC-1,0.83261067,1
TGACGGCTCATGCTCC-1,0.30172098,3
TGACTAGCAAACCTAC-1,0.89043945,1
TGACTAGGTCGAAAGC-1,0.21366304,7
TGACTAGTCGTGGTCG-1,0.5576515,2
TGACTTTGTAGAGCTG-1,0.09950699,13
TGAGAGGAGCGTAGTG-1,0.3015591,7
TGAGAGGAGGCGATAC-1,0.5860412,5
TGAGAGGCACAACGTT-1,0.07261241,11
TGAGAGGCAGACACTT-1,0.12036518,8
TGAGAGGCAGACTCGC-1,0.6027841,5
TGAGAGGGTCTCTTAT-1,0.11481987,12
TGAGAGGGTTTAAGCC-1,0.12853299,10
TGAGCATAGCTAGGCA-1,0.027510097,14
TGAGCATAGCTGTCTA-1,0.24766695,3
TGAGGGAAGATAGCAT-1,0.8833598,1
TGAGGGACACTTAAGC-1,0.89324915,1
TGAGGGACAGTTAACC-1,0.038070586,11
TGATTTCAGCGTCTAT-1,0.56709284,5
TGATTTCAGGCGATAC-1,0.925531,1
TGATTTCTCCAACCAA-1,0.07715142,8
TGCACCTAGACAATAC-1,0.1602528,9
TGCCAAAAGAATCTCC-1,0.32798645,7
TGCCAAAGTTCCACTC-1,0.03158879,14
TGCCAAATCATGGTCA-1,0.09891162,12
TGCCCATAGCATGGCA-1,0.35197505,3
TGCCCATAGTACTTGC-1,0.86171883,1
TGCCCATCACAGACTT-1,0.17435102,9
TGCCCATTCAGAGGTG-1,0.5307279,5
TGCCCATTCCTGTAGA-1,0.04080594,11
TGCCCATTCGGTCTAA-1,0.38585868,3
TGCCCTAGTACGAAAT-1,0.017958635,14
TGCCCTATCAACGGGA-1,0.31123796,7
TGCGCAGCAAGCCTAT-1,0.08328819,12
TGCGCAGCATCTCCCA-1,0.1501449,8
TGCGCAGGTCGGCTCA-1,0.18072335,9
TGCGCAGTCTCGTATT-1,0.04954277,11
TGCGCAGTCTTACCGC-1,0.29567018,7
TGCGGGTAGTGATCGG-1,0.10045652,10
TGCGGGTGTAGCGTAG-1,0.16523975,9
TGCGGGTTCTGGTGTA-1,0.08585808,11
TGCGGGTTCTGTTGAG-1,0.16227171,12
TGCGTGGCAGAAGCAC-1,0.16922271,9
TGCGTGGCATGCCCGA-1,0.35578105,7
TGCGTGGGTATTCGTG-1,0.19292186,10
TGCGTGGTCGATAGAA-1,0.3058973,7
TGCTACCAGGATATAC-1,0.18008997,7
TGCTACCCACCAGGTC-1,0.06935467,11
TGCTACCGTACATCCA-1,0.35880226,3
TGCTACCGTCGAACAG-1,0.3284749,7
TGCTGCTCAGTATAAG-1,0.036586266,11
TGGACGCAGACGCACA-1,0.15012313,10
TGGACGCAGGACTGGT-1,0.13882312,13
TGGACGCCACCGAAAG-1,0.2623886,7
TGGACGCGTAGCCTAT-1,0.17277777,7
TGGACGCGTCACTTCC-1,0.07455853,11
TGGACGCGTCCAACTA-1,0.33087185,3
TGGACGCTCATCGGAT-1,0.08762574,8
TGGCCAGAGATGAGAG-1,0.15785551,9
TGGCGCACACGGTAGA-1,0.025743311,11
TGGCGCACAGCCTTGG-1,0.25414556,6
TGGCGCACATGTTGAC-1,0.28172705,7
TGGCTGGGTCCCTTGT-1,0.67523533,5
TGGCTGGTCCGCATCT-1,0.62343127,5
TGGGAAGGTCAATACC-1,0.438287,6
TGGGAAGGTCACTTCC-1,0.6556012,5
TGGGCGTCACAAGTAA-1,0.592137,5
TGGTTAGAGGGCTTCC-1,0.13917476,13
TGGTTAGAGTCCTCCT-1,0.021155229,14
TGGTTAGCAGGGTTAG-1,0.053614065,14
TGGTTAGCAGTAGAGC-1,0.052465465,11
TGGTTCCAGATGGGTC-1,0.10283873,12
TGGTTCCCAGTAGAGC-1,0.20234856,7
TGGTTCCGTGTGGTTT-1,0.12276588,13
TGTATTCAGAGCAATT-1,0.08016332,11
TGTCCCAAGAGCCCAA-1,0.2676319,3
TGTCCCAGTCAATGTC-1,0.0884292,13
TGTCCCAGTTCGTTGA-1,0.11184182,8
TGTCCCATCTATCCCG-1,0.31389663,3
TGTGGTACAGAGCCAA-1,0.68721765,5
TGTGGTACATCCAACA-1,0.05678701,8
TGTGGTAGTCGCGTGT-1,0.021827262,14
TGTGGTATCATCGCTC-1,0.05725239,11
TGTGGTATCGAGGTAG-1,0.109741725,10
TGTGGTATCGGCGGTT-1,0.080869935,8
TGTGTTTAGGCCCTTG-1,0.15480179,4
TGTGTTTCAGGCGATA-1,0.0719721,11
TGTGTTTCATGGGACA-1,0.18028636,9
TGTGTTTCATTACGAC-1,0.9065204,1
TGTGTTTTCCCAAGTA-1,0.06542557,11
TGTGTTTTCGGGAGTA-1,0.40043128,3
TGTTCCGAGCCCAATT-1,0.14770748,8
TGTTCCGAGGGTCTCC-1,0.09762794,12
TTAACTCCACTGTGTA-1,0.13466945,8
TTAACTCTCGCGGATC-1,0.31396118,7
TTAGGACAGCTCCCAG-1,0.09178029,12
TTAGGACAGTGGTCCC-1,0.8427977,1
TTAGGACCATCGTCGG-1,0.3522844,3
TTAGGACGTATGCTTG-1,0.09370341,13
TTAGGACTCTCAAACG-1,0.10926452,8
TTAGTTCTCTTAACCT-1,0.77042586,1
TTATGCTCATATGAGA-1,0.9305897,1
TTATGCTCATGTAGTC-1,0.24043721,7
TTATGCTGTCAGAATA-1,0.039566517,4
TTATGCTGTTACGTCA-1,0.24713562,7
TTATGCTTCAGGCGAA-1,0.46958518,2
TTATGCTTCGGCGCAT-1,0.4447162,6
TTCCCAGCAGCTTAAC-1,0.13033828,13
TTCCCAGCATAAGACA-1,0.22425503,9
TTCCCAGGTGAGTATA-1,0.26315093,7
TTCCCAGGTGCAGTAG-1,0.11098727,8
TTCGAAGAGACAATAC-1,0.12595087,13
TTCGAAGAGCCCAACC-1,0.95131713,1
TTCGAAGGTAACGCGA-1,0.019880971,14
TTCGAAGTCTACCAGA-1,0.13067636,8
TTCGGTCAGGAGTTTA-1,0.42218664,3
TTCGGTCGTGTATGGG-1,0.1362481,8
TTCGGTCTCCCTGACT-1,0.13039815,4
TTCTACAAGATCACGG-1,1,1
TTCTACAAGATGAGAG-1,0.32433048,7
TTCTACACAAGCCCAC-1,0.45670092,6
TTCTACATCAAGAAGT-1,0.049816728,11
TTCTCAAAGTGCGATG-1,0.48633075,2
TTCTCAAGTCAACTGT-1,0.82319623,1
TTCTCAAGTGACGCCT-1,0.10787474,13
TTCTCCTAGACAATAC-1,0.5677521,5
TTCTCCTCAGACAAAT-1,0.32856685,3
TTCTCCTCATTCACTT-1,0.18985847,9
TTCTCCTGTAGAGGAA-1,0.10167645,13
TTCTCCTTCTAAGCCA-1,0.044127032,14
TTCTCCTTCTACCAGA-1,0.18327218,9
TTCTTAGAGCCAGGAT-1,0.13744812,13
TTCTTAGTCACCATAG-1,0.072328664,14
TTCTTAGTCCGCATAA-1,0.10130865,13
TTGAACGCAAGTCTGT-1,0.23162313,7
TTGAACGCAAGTTGTC-1,0.56193566,5
TTGAACGTCACCATAG-1,0.19077398,9
TTGACTTGTACTTGAC-1,0.49348757,6
TTGCCGTCACATGGGA-1,0.049174104,11
TTGCCGTCAGACGCTC-1,0.13291614,4
TTGTAGGGTTTGTGTG-1,0.3272885,7
TTGTAGGTCAGCATGT-1,0.13436545,13
TTGTAGGTCGCAGGCT-1,0.16691323,9
TTTATGCCAAGCGATG-1,0.83686256,1
TTTATGCGTTAAGAAC-1,0.15534376,12
TTTCCTCAGCTAAACA-1,0.10403248,8
TTTCCTCAGCTTTGGT-1,0.07477694,11
TTTCCTCGTATGAAAC-1,0.13244614,10
TTTCCTCTCACGCGGT-1,0.68492216,2
TTTCCTCTCCTGTACC-1,0.29315522,7
TTTGCGCAGATGCGAC-1,0.055126898,4
TTTGCGCAGCAGCGTA-1,0.01834157,14
TTTGCGCCAGTAAGAT-1,0.31822652,7
TTTGGTTAGATGCCTT-1,0.22929578,7
TTTGGTTCAGGACGTA-1,0.028960576,11
TTTGGTTCAGGGAGAG-1,0.077430315,11
TTTGTCAAGGCGATAC-1,0.07627183,11
TTTGTCACAGGTGGAT-1,0.34585607,3
TTTGTCATCGTCACGG-1,0.37424517,3
TTTGTCATCTGAAAGA-1,0.07883076,11