,gmm_cluster
AAACCTGAGCACCGCT-1,2
AAACCTGCACATTCGA-1,2
AAACCTGCAGGGTTAG-1,2
AAACCTGGTTGAACTC-1,0
AAACCTGTCACCTTAT-1,2
AAACGGGTCCACGTGG-1,1
AAAGATGCAAGGACTG-1,0
AAAGATGCACGAAATA-1,1
AAAGATGCATCGATTG-1,0
AAAGATGGTACACCGC-1,0
AAAGATGGTCTTTCAT-1,0
AAAGCAAAGATGCCAG-1,2
AAAGCAACACAGATTC-1,0
AAAGCAATCGTAGATC-1,2
AAAGTAGAGAATAGGG-1,0
AAAGTAGGTAAGTGGC-1,0
AAATGCCGTATTCGTG-1,2
AACACGTCAAGCGATG-1,0
AACACGTGTATCAGTC-1,2
AACCATGTCACCCTCA-1,2
AACCGCGAGTGTTGAA-1,0
AACGTTGAGGTGCTTT-1,1
AACGTTGGTTCGGCAC-1,2
AACTCAGCACAGACAG-1,2
AACTCAGGTAAGGGCT-1,0
AACTCCCAGCGCTCCA-1,0
AACTCTTAGTAGTGCG-1,2
AACTCTTGTCTTCGTC-1,0
AACTGGTCAGCCAGAA-1,2
AACTGGTCAGGTCGTC-1,2
AACTTTCGTTTACTCT-1,0
AACTTTCTCAGAGCTT-1,2
AACTTTCTCGTACCGG-1,1
AAGACCTAGGAGCGAG-1,2
AAGACCTCAGAGCCAA-1,1
AAGCCGCAGGAGCGAG-1,1
AAGCCGCCACATGGGA-1,0
AAGCCGCGTTCGCTAA-1,1
AAGGAGCAGCGAGAAA-1,2
AAGGAGCCACCTCGGA-1,0
AAGGAGCCATCGGAAG-1,2
AAGGCAGCAGGCTCAC-1,2
AAGGCAGGTAAGTGGC-1,0
AAGGTTCAGCGTCTAT-1,0
AAGGTTCGTTTGACAC-1,2
AAGGTTCTCAACGAAA-1,1
AAGTCTGAGCAAATCA-1,0
AAGTCTGCACCATCCT-1,2
AATCCAGCACGAAATA-1,2
AATCCAGTCACTCCTG-1,2
AATCCAGTCCTTAATC-1,1
AATCGGTAGCCAACAG-1,1
AATCGGTGTAGAAGGA-1,0
AATCGGTTCACTCCTG-1,2
ACACCCTAGGCAATTA-1,2
ACACCCTGTCTGATTG-1,2
ACACCGGAGATCCCGC-1,0
ACACCGGTCCTCTAGC-1,2
ACAGCCGAGCCATCGC-1,0
ACAGCCGAGCCTTGAT-1,0
ACAGCCGCAGCGAACA-1,0
ACAGCCGTCGGACAAG-1,2
ACAGCTAAGATATGCA-1,0
ACAGCTAAGCACGCCT-1,2
ACAGCTAAGCTAAGAT-1,0
ACAGCTAAGGATGCGT-1,0
ACAGCTAGTAAGTGGC-1,0
ACAGCTAGTGGTGTAG-1,2
ACAGCTATCAATCTCT-1,0
ACATACGCACCGATAT-1,0
ACATACGTCGCTGATA-1,0
ACATCAGCAAGGTTTC-1,2
ACATCAGCATTTCACT-1,0
ACATGGTAGCGTTTAC-1,0
ACATGGTAGGAATGGA-1,2
ACATGGTGTAAGGATT-1,0
ACCAGTACATGCGCAC-1,0
ACCAGTACATGGTCAT-1,2
ACCAGTAGTTTGTGTG-1,1
ACCCACTGTCTGGTCG-1,0
ACCGTAAAGTCCGTAT-1,0
ACCTTTAAGCTTTGGT-1,2
ACCTTTAGTAGGCATG-1,2
ACCTTTAGTATAGTAG-1,1
ACGAGCCAGATATGCA-1,1
ACGAGCCGTAGAGTGC-1,2
ACGAGCCGTCTAGCCG-1,2
ACGAGGACATAACCTG-1,0
ACGAGGAGTAGTACCT-1,2
ACGAGGATCACTATTC-1,0
ACGATACAGATATGCA-1,1
ACGATACAGGTACTCT-1,2
ACGATGTAGCGTTGCC-1,2
ACGATGTGTATGGTTC-1,2
ACGATGTGTTCCACAA-1,2
ACGATGTTCCTAAGTG-1,2
ACGCAGCCAGATCCAT-1,1
ACGCAGCGTCATGCCG-1,0
ACGCCAGGTTGATTGC-1,2
ACGCCAGTCTTCAACT-1,2
ACGCCGAAGGCTAGAC-1,2
ACGCCGAAGTTGTCGT-1,0
ACGCCGACAAAGCAAT-1,2
ACGGAGAAGGGAACGG-1,2
ACGGAGAAGTGTACTC-1,1
ACGGAGACAGCTCGCA-1,1
ACGGAGATCCGTTGCT-1,0
ACGGCCAGTGACCAAG-1,0
ACGGCCATCCACGTTC-1,0
ACGGGCTCAATCTACG-1,2
ACGGGCTTCCCTAACC-1,2
ACGGGCTTCCGTAGGC-1,2
ACGGGTCAGCGTTTAC-1,0
ACGGGTCGTAAGGATT-1,0
ACGGGTCGTAATCACC-1,0
ACGGGTCGTCTCACCT-1,0
ACGTCAACACGCTTTC-1,2
ACGTCAACATCGACGC-1,0
ACGTCAAGTCACCTAA-1,0
ACGTCAAGTGTTTGGT-1,2
ACTATCTTCAACCAAC-1,0
ACTGAACAGACAGGCT-1,2
ACTGAACAGGACAGAA-1,2
ACTGAGTGTAAGGGAA-1,0
ACTGATGAGTGACTCT-1,0
ACTGATGCACGCTTTC-1,0
ACTGATGTCAGAGGTG-1,1
ACTGCTCCACAGGTTT-1,0
ACTGCTCCATCACCCT-1,1
ACTGTCCAGATGTGGC-1,2
ACTGTCCAGTCAAGCG-1,0
ACTGTCCAGTTCGCAT-1,2
ACTGTCCCAGTAAGAT-1,1
ACTGTCCCATCCGGGT-1,2
ACTGTCCTCTAGAGTC-1,1
ACTTACTAGTGTCCAT-1,2
ACTTACTCAGGTCGTC-1,0
ACTTACTGTTGTGGCC-1,1
ACTTACTTCGAATGGG-1,0
ACTTGTTTCCTTTCTC-1,2
ACTTTCACAAGGCTCC-1,2
AGAATAGGTGCCTGCA-1,0
AGACGTTGTTCCACTC-1,2
AGACGTTGTTGTACAC-1,2
AGAGCTTAGGTGGGTT-1,2
AGAGCTTTCGCGTAGC-1,2
AGAGCTTTCTAACCGA-1,1
AGATCTGGTAAGTGTA-1,1
AGATCTGTCCAAGTAC-1,2
AGATCTGTCTTGGGTA-1,2
AGATTGCTCTGCCAGG-1,0
AGCAGCCGTAGGGTAC-1,0
AGCAGCCGTATAGTAG-1,0
AGCAGCCGTATCACCA-1,0
AGCAGCCTCACAACGT-1,0
AGCAGCCTCATACGGT-1,0
AGCATACAGCGGCTTC-1,2
AGCATACGTACCAGTT-1,2
AGCATACGTTAAGGGC-1,0
AGCCTAATCTGATACG-1,0
AGCGGTCGTACTCGCG-1,2
AGCGTATGTCAAACTC-1,0
AGCGTATGTGCAGGTA-1,1
AGCTCCTCAGGTTTCA-1,2
AGCTCCTGTAGCACGA-1,0
AGCTCCTGTCCGTCAG-1,0
AGCTCCTGTCTCTCGT-1,2
AGCTCCTTCCTAGTGA-1,2
AGCTCTCAGAGGACGG-1,2
AGCTCTCAGCCGTCGT-1,2
AGCTCTCAGGTGACCA-1,0
AGCTCTCCATCCAACA-1,2
AGCTCTCCATCTGGTA-1,0
AGCTCTCGTCGAATCT-1,0
AGCTTGACATTTGCTT-1,0
AGCTTGATCTTAACCT-1,1
AGGCCACAGCAGGTCA-1,0
AGGCCACCACCACGTG-1,0
AGGCCACGTGATGCCC-1,0
AGGCCACGTTCAGGCC-1,0
AGGCCACTCAATCACG-1,0
AGGCCGTAGTGTACGG-1,0
AGGCCGTGTTCAGACT-1,0
AGGCCGTGTTGCGTTA-1,0
AGGGAGTAGAACTGTA-1,0
AGGGAGTAGCCGTCGT-1,0
AGGGAGTAGTGGTAAT-1,0
AGGGAGTCATCGATTG-1,1
AGGGAGTGTCGACTGC-1,2
AGGGAGTGTTGCGTTA-1,2
AGGGATGGTTACGGAG-1,0
AGGGATGTCTGGCGAC-1,2
AGGGTGAAGCTAGTCT-1,2
AGGGTGATCTCTGAGA-1,0
AGGTCATAGATCTGCT-1,1
AGGTCATCAAAGGTGC-1,2
AGGTCATGTTGATTGC-1,0
AGGTCCGCACGGACAA-1,2
AGGTCCGTCAAGGTAA-1,2
AGTAGTCAGTAAGTAC-1,2
AGTAGTCAGTGATCGG-1,2
AGTAGTCCATGTTGAC-1,2
AGTCTTTGTCGAATCT-1,0
AGTCTTTGTCTTCAAG-1,2
AGTCTTTGTGACAAAT-1,0
AGTGAGGGTCCGAATT-1,2
AGTGAGGGTCGAGTTT-1,2
AGTGAGGTCCGCTGTT-1,2
AGTGGGAAGAACAATC-1,2
AGTGGGAAGATACACA-1,0
AGTGGGACAGTTCCCT-1,0
AGTGGGATCTTGACGA-1,2
AGTGTCAAGATCGGGT-1,2
AGTGTCATCAGCGACC-1,2
AGTGTCATCAGGTAAA-1,0
AGTTGGTAGCTACCGC-1,2
AGTTGGTAGGAGTTGC-1,2
AGTTGGTTCCAGAAGG-1,0
ATAACGCGTAAATGAC-1,0
ATAACGCGTGTAAGTA-1,2
ATAACGCTCTTCCTTC-1,2
ATAAGAGAGCGTGTCC-1,2
ATAAGAGCACACGCTG-1,1
ATAAGAGGTGCAGTAG-1,0
ATAAGAGTCTGATACG-1,2
ATAGACCCAACACCTA-1,2
ATCACGACACAGCCCA-1,2
ATCATCTCAATGGATA-1,0
ATCATCTCAGACGTAG-1,0
ATCATCTGTAACGTTC-1,2
ATCATCTGTTGCGTTA-1,0
ATCATCTTCCACGAAT-1,1
ATCCACCAGACTGGGT-1,0
ATCCACCAGGAGTCTG-1,0
ATCCACCCAAACCCAT-1,2
ATCCGAAAGCCAGAAC-1,0
ATCCGAACAGTAAGCG-1,2
ATCCGAACAGTGGGAT-1,0
ATCGAGTCATCTACGA-1,2
ATCGAGTGTGCAGGTA-1,2
ATCTACTCAGGTCGTC-1,0
ATCTACTGTGTCCTCT-1,0
ATCTACTGTGTCGCTG-1,2
ATCTACTTCAGGTTCA-1,0
ATCTACTTCGCCATAA-1,0
ATCTGCCCACCACGTG-1,0
ATCTGCCGTCTTGCGG-1,2
ATGAGGGGTTCATGGT-1,2
ATGAGGGGTTGATTGC-1,0
ATGAGGGGTTGGTGGA-1,0
ATGAGGGTCCGCATCT-1,0
ATGCGATAGATATACG-1,0
ATGCGATAGCAGCCTC-1,2
ATGCGATGTGTTGGGA-1,2
ATGTGTGCATCCGGGT-1,2
ATGTGTGTCTGCGGCA-1,2
ATTACTCAGTAGCCGA-1,0
ATTATCCCAAGTTAAG-1,2
ATTATCCCACGGATAG-1,1
ATTATCCGTTGCGCAC-1,0
ATTATCCTCTACTATC-1,2
ATTCTACAGAGTAATC-1,2
ATTCTACAGTCCTCCT-1,0
ATTCTACCATGCAATC-1,0
ATTCTACTCAGCACAT-1,2
ATTGGACAGGAATGGA-1,0
ATTGGACTCTAACTGG-1,2
ATTGGTGGTCATCGGC-1,0
ATTGGTGGTGTGGCTC-1,2
ATTGGTGTCATAAAGG-1,2
ATTGGTGTCCAAATGC-1,0
ATTGGTGTCTCAAGTG-1,0
ATTGGTGTCTTGGGTA-1,0
ATTTCTGCAAATTGCC-1,0
ATTTCTGCACAGGAGT-1,1
ATTTCTGTCGAGAACG-1,2
ATTTCTGTCGTACGGC-1,2
CAACCAAAGGCATGTG-1,0
CAACCAACAAATACAG-1,0
CAACCAAGTGTGCCTG-1,2
CAACCAATCCATTCTA-1,0
CAACCAATCGCCAAAT-1,2
CAACCTCCAAATACAG-1,1
CAACTAGAGGCATTGG-1,0
CAACTAGGTAAGGATT-1,0
CAACTAGTCTACGAGT-1,0
CAAGAAAAGAAGCCCA-1,0
CAAGAAAAGTGCCATT-1,2
CAAGAAACATGCCTAA-1,2
CAAGATCCACCAACCG-1,0
CAAGATCGTAAGTAGT-1,1
CAAGATCGTCGGCATC-1,1
CAAGATCTCATCTGTT-1,2
CAAGGCCCATACTACG-1,2
CAAGGCCGTCGCGAAA-1,1
CAAGGCCGTTGTTTGG-1,0
CAAGGCCTCTAACTCT-1,2
CAAGGCCTCTCCCTGA-1,0
CAAGTTGCAGACACTT-1,2
CAAGTTGCATTATCTC-1,1
CAAGTTGTCGACCAGC-1,2
CACAAACAGCCTATGT-1,1
CACAAACAGTTAGCGG-1,1
CACAAACTCTGTGCAA-1,0
CACACAAAGACTCGGA-1,1
CACACAAAGCTTCGCG-1,1
CACACAACACCTATCC-1,2
CACACCTCACAGCCCA-1,0
CACACCTCACTATCTT-1,2
CACACCTTCTACTATC-1,0
CACACTCTCTAACTCT-1,0
CACAGGCAGCTGCAAG-1,2
CACAGGCCATGCCTAA-1,2
CACAGGCCATGTTGAC-1,2
CACAGGCGTTCGCGAC-1,0
CACATAGCAAGCGATG-1,0
CACATAGGTCTACCTC-1,2
CACATAGTCTCGCATC-1,1
CACATTTAGTGGAGTC-1,2
CACATTTCAATGTAAG-1,0
CACATTTGTTCATGGT-1,1
CACCACTAGGCGCTCT-1,0
CACCACTTCATGGTCA-1,0
CACTCCAAGAATTGTG-1,2
CACTCCACAATCTACG-1,1
CACTCCAGTCAGAATA-1,0
CAGAATCAGGCAAAGA-1,0
CAGAATCGTCAGTGGA-1,1
CAGAATCGTGCCTGGT-1,2
CAGAATCTCAAGGTAA-1,0
CAGAGAGGTCGCGAAA-1,0
CAGAGAGGTCTCAACA-1,0
CAGAGAGGTGTGAAAT-1,2
CAGATCAGTCGCTTCT-1,0
CAGATCATCAACGGGA-1,0
CAGATCATCAATAAGG-1,1
CAGCAGCCACCCATGG-1,2
CAGCAGCGTTAAGATG-1,2
CAGCAGCTCACGAAGG-1,0
CAGCAGCTCTACTCAT-1,0
CAGCAGCTCTGGCGAC-1,2
CAGCATAAGCTATGCT-1,2
CAGCATAAGGCCATAG-1,0
CAGCATAAGTATCTCG-1,2
CAGCATATCTGTCAAG-1,2
CAGCCGAAGGCCCTCA-1,0
CAGCCGAAGTACGACG-1,0
CAGCCGACAATGGAAT-1,0
CAGCCGAGTGATAAAC-1,0
CAGCCGATCCGTTGTC-1,0
CAGCGACCAGGTGGAT-1,0
CAGCGACGTCCAGTAT-1,2
CAGCTAAAGCGTAGTG-1,2
CAGCTAACAGTATGCT-1,0
CAGCTAAGTTCGGGCT-1,2
CAGCTAATCCAGGGCT-1,0
CAGCTAATCCTCAATT-1,1
CAGCTGGAGCCAGTTT-1,0
CAGCTGGAGGTGCACA-1,2
CAGCTGGAGTCGATAA-1,0
CAGCTGGCAATGAATG-1,0
CAGCTGGCAATGTTGC-1,1
CAGCTGGGTAGAGGAA-1,2
CAGCTGGGTGGGTATG-1,2
CAGCTGGTCTCTAGGA-1,2
CAGGTGCCACATCCAA-1,1
CAGTAACAGACACTAA-1,2
CAGTAACAGAGCCCAA-1,2
CAGTAACAGTGACTCT-1,2
CAGTAACGTATATGAG-1,2
CAGTAACGTCTACCTC-1,2
CAGTCCTGTCTGCAAT-1,0
CATATGGGTGCACGAA-1,0
CATATTCAGACGCACA-1,2
CATATTCAGATATACG-1,2
CATATTCCAGACAAAT-1,2
CATATTCCAGCCACCA-1,2
CATATTCGTTCCATGA-1,1
CATCCACTCATAACCG-1,2
CATCGAAAGCCAGGAT-1,0
CATCGAAGTGGGTATG-1,2
CATCGGGTCCGCGGTA-1,2
CATCGGGTCGAGAGCA-1,0
CATCGGGTCTACCTGC-1,0
CATGACAAGAACAATC-1,1
CATGCCTCACTCAGGC-1,2
CATGGCGCACTACAGT-1,0
CATGGCGGTGAGTGAC-1,1
CATGGCGTCGAGAACG-1,2
CATTATCAGGTCGGAT-1,0
CATTATCGTCCGAACC-1,2
CATTATCGTTAAAGTG-1,2
CATTATCTCTTCATGT-1,2
CATTCGCAGATATGGT-1,0
CATTCGCAGTACGTTC-1,1
CCAATCCAGATCGGGT-1,0
CCAATCCTCGGCGGTT-1,0
CCAATCCTCGGTCTAA-1,2
CCAATCCTCTACCTGC-1,1
CCACCTAAGAGTAATC-1,2
CCACCTATCATCGATG-1,0
CCACCTATCCTCATTA-1,2
CCACGGATCATTTGGG-1,2
CCACGGATCCGTACAA-1,1
CCACGGATCTTCCTTC-1,0
CCACTACCAAGGACTG-1,2
CCAGCGAAGAAACCTA-1,0
CCAGCGAAGAGTACAT-1,0
CCAGCGAAGTGGACGT-1,0
CCATGTCAGGAATTAC-1,0
CCATGTCCAGCATACT-1,2
CCATGTCGTGTCGCTG-1,2
CCATGTCTCCACTCCA-1,0
CCATGTCTCCATTCTA-1,0
CCATGTCTCTGATTCT-1,0
CCATGTCTCTGGTTCC-1,0
CCATGTCTCTGTCTAT-1,2
CCATTCGAGTCGCCGT-1,0
CCCAATCAGGAGTAGA-1,2
CCCAATCAGTTCGCGC-1,2
CCCAATCCATCGGACC-1,0
CCCAATCTCTGGCGAC-1,2
CCCAATCTCTGTTTGT-1,0
CCCAGTTAGGTCGGAT-1,2
CCCAGTTCACGGATAG-1,0
CCCAGTTCAGCTGTGC-1,2
CCCATACAGAGAACAG-1,2
CCCATACCAAGGTGTG-1,0
CCCATACCAATGCCAT-1,0
CCCTCCTAGCTCAACT-1,0
CCCTCCTCATACAGCT-1,2
CCCTCCTGTGATAAAC-1,2
CCCTCCTGTGCGGTAA-1,2
CCCTCCTTCAGAGGTG-1,0
CCGGGATAGTGTGGCA-1,0
CCGGGATCAATGGAAT-1,0
CCGGTAGAGAAGGCCT-1,2
CCGGTAGAGACAGACC-1,2
CCGGTAGTCCTGCTTG-1,2
CCGTACTAGGACATTA-1,2
CCGTACTCAGGCTCAC-1,1
CCGTGGAAGTTATCGC-1,0
CCGTGGACAAGTCATC-1,1
CCGTGGACATCCGTGG-1,0
CCGTGGAGTGATGATA-1,0
CCGTTCAAGATCCTGT-1,2
CCGTTCAGTAGCGTGA-1,0
CCTAAAGTCCTTGGTC-1,0
CCTAAAGTCTCTTGAT-1,2
CCTACACCATGGATGG-1,1
CCTACACTCGGAAATA-1,0
CCTACCATCAGCTGGC-1,1
CCTACCATCCTGTACC-1,2
CCTAGCTGTCCGTGAC-1,0
CCTAGCTGTTCACCTC-1,0
CCTATTATCAAACCAC-1,0
CCTATTATCCCAACGG-1,0
CCTCAGTTCCTGCTTG-1,2
CCTCTGAAGCGCTTAT-1,2
CCTTACGAGGCCCTTG-1,0
CCTTCCCAGAGCCCAA-1,1
CCTTCCCCACCAGATT-1,2
CCTTCCCCATAAAGGT-1,2
CCTTCCCTCGCGTAGC-1,0
CCTTCGACAGCTCCGA-1,1
CCTTCGAGTTTGTTTC-1,1
CCTTTCTCATCTCCCA-1,2
CGAACATTCGCGTAGC-1,0
CGAATGTAGTCCCACG-1,2
CGAATGTAGTTCGATC-1,0
CGAATGTCAATTGCTG-1,0
CGAATGTCATGCCCGA-1,0
CGACCTTCATGCTGGC-1,2
CGACTTCAGCAGATCG-1,0
CGACTTCAGTACACCT-1,2
CGACTTCAGTGTACCT-1,2
CGACTTCCACAGACTT-1,2
CGACTTCCAGATTGCT-1,2
CGACTTCTCGGAGGTA-1,0
CGACTTCTCGTGGACC-1,0
CGAGAAGCACAACGCC-1,2
CGAGAAGTCAAAGTAG-1,2
CGAGAAGTCGGAAACG-1,0
CGAGAAGTCGTGGGAA-1,0
CGAGCACCATCGATTG-1,0
CGAGCACTCCGTTGCT-1,0
CGAGCCAAGTTAAGTG-1,0
CGAGCCACAGGTGCCT-1,0
CGAGCCAGTCGCGAAA-1,0
CGAGCCAGTCTAGGTT-1,0
CGAGCCATCGTAGGAG-1,0
CGAGCCATCTTACCTA-1,0
CGATGGCCAGGGTATG-1,1
CGATGGCGTACATGTC-1,1
CGATGGCGTGCGGTAA-1,0
CGATGTACATTCGACA-1,2
CGATGTATCGAATGGG-1,0
CGATTGAAGACCTTTG-1,0
CGATTGACATCCTAGA-1,2
CGATTGACATCGATGT-1,0
CGATTGAGTGCGATAG-1,0
CGATTGATCAAGCCTA-1,0
CGCCAAGAGAGTACCG-1,0
CGCCAAGAGGCCCTTG-1,2
CGCCAAGCAACACCCG-1,0
CGCCAAGCAAGCTGTT-1,0
CGCCAAGCATGTCGAT-1,2
CGCCAAGGTTATTCTC-1,2
CGCGGTAAGCTACCTA-1,0
CGCGGTAGTTGTGGCC-1,1
CGCGTTTCACTTACGA-1,0
CGCGTTTGTTCCGGCA-1,2
CGCTATCAGTAATCCC-1,0
CGCTATCCAGCCAATT-1,2
CGCTATCGTCAGCTAT-1,2
CGCTGGACATCCGCGA-1,2
CGCTGGAGTAAATGTG-1,2
CGCTGGAGTGACGGTA-1,2
CGCTTCAAGACAATAC-1,0
CGCTTCAAGTAGGTGC-1,2
CGCTTCATCTTTACGT-1,1
CGGACACCAAGCGCTC-1,2
CGGACACCAGTCTTCC-1,2
CGGACACTCGGATGGA-1,0
CGGACACTCGGCGGTT-1,0
CGGACGTAGGCATGGT-1,2
CGGACGTAGTTACGGG-1,2
CGGACTGGTGGTCTCG-1,2
CGGACTGTCAATAAGG-1,0
CGGAGCTCAAGACACG-1,0
CGGAGCTCATTCTTAC-1,0
CGGAGTCAGCGACGTA-1,1
CGGAGTCCATCACAAC-1,2
CGGCTAGAGCGAGAAA-1,0
CGGCTAGAGTAGATGT-1,0
CGGCTAGCACGCATCG-1,2
CGGGTCAAGAAACCGC-1,0
CGGGTCAAGGTGCTTT-1,0
CGGTTAAAGCGATATA-1,2
CGGTTAACACGGATAG-1,2
CGTAGCGCAACTGCGC-1,1
CGTAGCGCACCCATGG-1,0
CGTAGCGGTCATTAGC-1,2
CGTAGCGGTTACGCGC-1,2
CGTAGGCAGGAACTGC-1,1
CGTAGGCAGGTGCACA-1,1
CGTAGGCCACGGCGTT-1,0
CGTAGGCGTTCACGGC-1,0
CGTAGGCTCACTGGGC-1,2
CGTAGGCTCCACGTTC-1,2
CGTCACTAGCTCCTCT-1,0
CGTCACTCATGCTGGC-1,2
CGTCACTGTATCGCAT-1,0
CGTCACTTCTAACTCT-1,0
CGTCAGGAGAGTGACC-1,2
CGTCAGGAGGGCATGT-1,0
CGTCCATAGGTGATTA-1,0
CGTCCATCACGCTTTC-1,2
CGTCCATCATTCACTT-1,2
CGTCCATGTGCAGACA-1,2
CGTCCATTCTATCCCG-1,2
CGTCTACAGGCTAGGT-1,0
CGTCTACAGTGGTAGC-1,1
CGTCTACCAGCGTCCA-1,1
CGTCTACCATGCTAGT-1,0
CGTGAGCAGGAGTTGC-1,2
CGTGAGCCAGGGAGAG-1,1
CGTGAGCCAGTATAAG-1,2
CGTGTAAAGTTGTAGA-1,2
CGTGTCTCACAACGCC-1,0
CGTGTCTCACATTTCT-1,0
CGTGTCTCATCCGCGA-1,1
CGTGTCTGTTAAGTAG-1,0
CGTGTCTTCGTCTGAA-1,0
CGTTAGAAGGAGCGTT-1,0
CGTTAGACAATAGCGG-1,0
CGTTCTGAGTAAGTAC-1,0
CGTTCTGCACCGAAAG-1,0
CGTTCTGCACGTGAGA-1,0
CGTTCTGGTATGAAAC-1,0
CGTTCTGTCGCCTGTT-1,2
CGTTCTGTCTTGCAAG-1,2
CGTTGGGAGCAATCTC-1,0
CGTTGGGAGGCTAGGT-1,1
CGTTGGGAGTATTGGA-1,0
CGTTGGGCACAACTGT-1,0
CGTTGGGCATTCTTAC-1,2
CTAACTTAGGATCGCA-1,2
CTAACTTCAAGTAATG-1,2
CTAACTTCACGCATCG-1,1
CTAAGACAGCCAACAG-1,0
CTAAGACTCAATACCG-1,0
CTAAGACTCGCATGAT-1,0
CTAATGGCATCACGTA-1,2
CTAATGGTCAGTTGAC-1,2
CTAATGGTCGTTGCCT-1,0
CTACACCAGGGCTCTC-1,0
CTACACCCAATGGAGC-1,2
CTACACCCAGTATGCT-1,0
CTACACCGTGCAACGA-1,0
CTACACCGTGGTGTAG-1,2
CTACCCAGTCCGAGTC-1,2
CTACGTCAGGAGCGTT-1,0
CTACGTCGTACACCGC-1,1
CTACGTCGTGTGTGCC-1,2
CTACGTCTCGAATCCA-1,2
CTAGAGTAGAAGGTTT-1,0
CTAGAGTAGAGCTTCT-1,2
CTAGAGTTCCAAACAC-1,1
CTAGAGTTCTTCCTTC-1,2
CTAGCCTAGAGGACGG-1,0
CTAGCCTCATACTCTT-1,2
CTAGTGAAGGATGCGT-1,2
CTAGTGAAGTTGAGAT-1,1
CTAGTGAGTCTAACGT-1,2
CTAGTGAGTGTGCGTC-1,0
CTCACACCACGTAAGG-1,2
CTCACACGTAATCACC-1,0
CTCAGAACACATCCGG-1,0
CTCATTACAATCACAC-1,0
CTCCTAGCAAACGCGA-1,2
CTCCTAGCATCAGTCA-1,0
CTCGAAAAGGGCTTGA-1,0
CTCGAAACAGCCTATA-1,0
CTCGAAAGTATATCCG-1,0
CTCGAGGGTCTACCTC-1,1
CTCGGAGCAACGATGG-1,0
CTCGGAGGTGCTGTAT-1,0
CTCGGGATCAGTCCCT-1,2
CTCGTACAGATCTGAA-1,2
CTCGTACGTAATAGCA-1,2
CTCGTACGTAGCCTCG-1,2
CTCGTACTCCCTCAGT-1,0
CTCGTCAAGATATGGT-1,0
CTCGTCAAGGCTATCT-1,2
CTCGTCACAGGAATCG-1,0
CTCGTCAGTGGAAAGA-1,2
CTCGTCAGTGTGAAAT-1,2
CTCGTCATCAACCATG-1,2
CTCGTCATCAACGGGA-1,0
CTCGTCATCGCCTGAG-1,2
CTCTAATAGGTCATCT-1,0
CTCTAATAGTGCCAGA-1,2
CTCTAATGTAATCACC-1,0
CTCTAATGTTGAGGTG-1,0
CTCTAATTCTCTTGAT-1,2
CTCTACGAGATGTAAC-1,0
CTCTACGAGCAGCCTC-1,0
CTCTACGAGCGTTCCG-1,2
CTCTACGCAGGGTTAG-1,2
CTCTACGTCGAATGGG-1,1
CTGAAACAGTAGTGCG-1,2
CTGAAACCATCACGAT-1,2
CTGAAGTAGAAACGCC-1,0
CTGAAGTCAAAGTCAA-1,2
CTGAAGTCACCGAATT-1,0
CTGATAGGTATTACCG-1,2
CTGATAGGTCGGCTCA-1,1
CTGATCCAGCGTCTAT-1,2
CTGATCCCAATGAAAC-1,2
CTGATCCTCTGGTATG-1,2
CTGCCTAAGCGTCAAG-1,2
CTGCCTACAGTGAGTG-1,2
CTGCCTATCCGCGTTT-1,0
CTGCGGAGTCGAGTTT-1,0
CTGCGGATCTTAGCCC-1,2
CTGCTGTGTATTCGTG-1,2
CTGGTCTCATAGGATA-1,0
CTGGTCTCATCGATTG-1,1
CTGTGCTAGGAGTTTA-1,1
CTGTGCTAGTTGTAGA-1,0
CTGTTTAAGTGACTCT-1,0
CTTAACTAGGACTGGT-1,2
CTTAACTCAATGTAAG-1,1
CTTAACTGTAGGAGTC-1,2
CTTAACTTCGCGTAGC-1,2
CTTACCGCAAAGTGCG-1,0
CTTACCGCAGCGTTCG-1,2
CTTACCGGTACTCAAC-1,0
CTTACCGGTTAAGATG-1,2
CTTAGGACAGCCTGTG-1,0
CTTAGGATCGTCGTTC-1,0
CTTCTCTAGATCGATA-1,2
CTTCTCTGTGCGATAG-1,2
CTTGGCTGTCCCTTGT-1,2
CTTGGCTGTGATAAGT-1,0
CTTGGCTTCGGAGGTA-1,2
CTTTGCGAGGAGCGTT-1,1
CTTTGCGGTAGGCTGA-1,2
GAAACTCAGACAGGCT-1,2
GAAACTCCACGGCTAC-1,1
GAAACTCTCTAACTTC-1,0
GAAATGACAATGGATA-1,2
GAAATGACACAGGAGT-1,2
GAAATGACATGGGAAC-1,1
GAAATGAGTCACTGGC-1,2
GAACATCAGGACTGGT-1,0
GAACCTAAGAGTAATC-1,2
GAACCTACAGCTGCAC-1,2
GAACCTAGTAGGACAC-1,2
GAACGGACATGGTAGG-1,2
GAACGGACATGTCTCC-1,0
GAACGGATCTTGAGAC-1,1
GAAGCAGAGTGGACGT-1,2
GAAGCAGCATGACGGA-1,2
GAATAAGAGCTCCTCT-1,0
GAATAAGAGCTTTGGT-1,0
GAATAAGAGTGTACCT-1,0
GAATAAGGTTTAAGCC-1,2
GAATAAGTCTCAAACG-1,2
GAATAAGTCTTGCCGT-1,0
GAATGAAAGGGAACGG-1,2
GAATGAAAGGGAGTAA-1,0
GAATGAACAAGCTGGA-1,0
GAATGAATCTAACTCT-1,2
GACACGCCAAGCCGCT-1,1
GACACGCTCGTCCGTT-1,1
GACAGAGCAAGTCATC-1,1
GACAGAGGTGGACGAT-1,1
GACAGAGTCTGCAAGT-1,2
GACCAATAGTGTTTGC-1,2
GACCAATAGTTCCACA-1,2
GACCAATCACCGTTGG-1,2
GACCAATCATCAGTAC-1,0
GACCAATGTAGCACGA-1,0
GACCAATTCATCACCC-1,0
GACCAATTCCGATATG-1,1
GACGCGTAGGCCCGTT-1,2
GACGCGTGTCTTGATG-1,0
GACGGCTAGACGACGT-1,2
GACGGCTGTTTCGCTC-1,0
GACGTGCCAGTGACAG-1,2
GACGTTAAGAGCTGCA-1,0
GACTAACAGCTCCTCT-1,0
GACTAACAGTCTTGCA-1,1
GACTAACGTGACTCAT-1,0
GACTAACTCGGATGTT-1,2
GACTACAAGGGATCTG-1,2
GACTACACAAAGAATC-1,0
GACTGCGGTAGCGTAG-1,0
GACTGCGGTCACTTCC-1,2
GAGCAGAAGACTGGGT-1,2
GAGCAGAGTTCTGAAC-1,2
GAGCAGATCATCGATG-1,2
GAGCAGATCTGTTTGT-1,2
GAGGTGACAAGACGTG-1,0
GAGGTGAGTGATGTGG-1,0
GAGTCCGCACCACGTG-1,0
GAGTCCGGTAGGCTGA-1,2
GAGTCCGGTGAAAGAG-1,2
GAGTCCGGTGCACGAA-1,0
GAGTCCGTCACAAACC-1,0
GATCAGTAGCTATGCT-1,2
GATCGATAGGGAAACA-1,2
GATCGATGTGTTGGGA-1,2
GATCGATTCGGTTCGG-1,0
GATCGCGAGACAGAGA-1,2
GATCGCGCAATGAATG-1,0
GATCGCGCACCCATGG-1,0
GATCGCGTCTGATTCT-1,0
GATCGTATCCAGAGGA-1,2
GATCTAGCATTCGACA-1,0
GATGAAACAGCTCGAC-1,0
GATGAGGCAAGAAAGG-1,0
GATGAGGCACTAAGTC-1,2
GATGAGGCAGGAACGT-1,1
GATGAGGGTACACCGC-1,0
GATGAGGGTTACGACT-1,2
GATGCTAAGGCTACGA-1,1
GATGCTATCACAGGCC-1,2
GATTCAGTCATTGCGA-1,0
GCAAACTAGTGTGGCA-1,2
GCACATAAGATATGGT-1,2
GCACATAAGCAATATG-1,0
GCACATAAGGGTCTCC-1,0
GCACATACATCAGTAC-1,0
GCACATACATCGGTTA-1,0
GCACATACATTGTGCA-1,0
GCACATATCCCAGGTG-1,0
GCACATATCCTTTACA-1,2
GCACTCTAGCTGTCTA-1,2
GCACTCTGTTCGAATC-1,2
GCAGCCATCACTTATC-1,0
GCAGTTAAGGATGGAA-1,0
GCAGTTAGTAAATACG-1,0
GCATACAGTGGTACAG-1,2
GCATACATCACTCTTA-1,2
GCATGATAGGACACCA-1,2
GCATGATAGTGGGATC-1,0
GCATGATCACCGAATT-1,2
GCATGCGTCTTCGAGA-1,0
GCATGTACAGTTCCCT-1,0
GCATGTAGTAGCAAAT-1,1
GCATGTATCACCATAG-1,2
GCCAAATTCCTTCAAT-1,1
GCCTCTACACAAGTAA-1,0
GCCTCTAGTGACTACT-1,2
GCCTCTAGTGTGAAAT-1,0
GCGACCAAGAGTAATC-1,2
GCGACCACAAGAGTCG-1,2
GCGACCACACTGAAGG-1,2
GCGACCACAGTCAGAG-1,2
GCGACCAGTGGTACAG-1,0
GCGACCATCAGGATCT-1,1
GCGACCATCGTCTGAA-1,2
GCGAGAAAGACAAAGG-1,0
GCGAGAAGTCCGTTAA-1,2
GCGAGAAGTTAAGATG-1,0
GCGCAACTCTCACATT-1,2
GCGCAGTAGTCTCGGC-1,0
GCGCAGTCACTGTTAG-1,0
GCGCAGTGTGATGATA-1,0
GCGCCAAAGGTCGGAT-1,0
GCGCCAAGTCTCCATC-1,0
GCGCCAAGTGTCCTCT-1,2
GCGCCAATCAGTCAGT-1,2
GCGCCAATCGGTTCGG-1,2
GCGCGATGTTTGTGTG-1,0
GCGGGTTAGGCACATG-1,2
GCGGGTTCAAGTAATG-1,1
GCGGGTTCATTTGCTT-1,2
GCGGGTTTCAACGAAA-1,0
GCGGGTTTCTTGAGGT-1,0
GCTCCTAAGACACTAA-1,2
GCTCCTACACGGTGTC-1,0
GCTCCTATCTCGTATT-1,2
GCTCCTATCTGTCTCG-1,0
GCTCTGTCAAGGACAC-1,0
GCTCTGTTCGTCACGG-1,2
GCTGCAGAGGGCATGT-1,0
GCTGCAGGTCGTGGCT-1,2
GCTGCGAAGACCTAGG-1,0
GCTGCGAAGAGATGAG-1,2
GCTGCGACACAGCGTC-1,0
GCTGCGACAGGCAGTA-1,2
GCTGCGATCTGTTTGT-1,2
GCTGCTTAGGGATCTG-1,2
GCTGCTTCAGATCGGA-1,1
GCTGCTTGTAGGGTAC-1,2
GCTGGGTCAAGGCTCC-1,0
GCTGGGTGTACCGGCT-1,1
GCTGGGTGTTGTCTTT-1,2
GCTTCCACAAAGGAAG-1,2
GCTTGAAAGGCTATCT-1,2
GCTTGAAGTGTGAATA-1,0
GCTTGAATCCGCATCT-1,1
GCTTGAATCCTTGACC-1,2
GCTTGAATCGCAAGCC-1,2
GGAAAGCTCACTGGGC-1,2
GGAACTTAGAGCAATT-1,2
GGAACTTCAGGTGCCT-1,0
GGAACTTTCACGAAGG-1,0
GGAATAACAGGCAGTA-1,0
GGAATAATCATGCAAC-1,2
GGACAAGAGGGTATCG-1,2
GGACAAGGTATTCGTG-1,2
GGACAAGGTGGCTCCA-1,0
GGACAAGTCAACGGCC-1,0
GGACAGAAGGGAAACA-1,2
GGACAGACAATGGATA-1,0
GGACAGACACCGATAT-1,0
GGACAGACAGGTTTCA-1,0
GGACATTCATATACGC-1,2
GGACGTCAGAATAGGG-1,2
GGACGTCAGAGTTGGC-1,2
GGACGTCAGCGACGTA-1,0
GGACGTCAGTATCTCG-1,0
GGACGTCCATTAGCCA-1,1
GGACGTCGTGAGGGTT-1,2
GGAGCAATCATTGCCC-1,0
GGATGTTAGCTATGCT-1,2
GGATGTTCAATCGGTT-1,2
GGATGTTCACGCCAGT-1,0
GGATGTTGTATAATGG-1,1
GGATTACAGTGATCGG-1,2
GGCAATTCACCAGCAC-1,1
GGCAATTCATTGAGCT-1,0
GGCAATTTCCAGTAGT-1,2
GGCCGATAGGACCACA-1,2
GGCCGATCAATGGTCT-1,0
GGCCGATCAGGTGGAT-1,2
GGCGACTTCTTGAGGT-1,2
GGCGTGTCAGTATAAG-1,0
GGCGTGTCATTTGCCC-1,2
GGCGTGTGTATTCTCT-1,0
GGCGTGTTCATGTGGT-1,1
GGCTCGAGTCTAGTGT-1,0
GGCTGGTAGCGTGTCC-1,2
GGCTGGTGTAGAGGAA-1,2
GGCTGGTGTTAGAACA-1,2
GGGACCTAGCCTATGT-1,2
GGGACCTCACCCAGTG-1,2
GGGACCTGTCAGGACA-1,2
GGGACCTGTGTGACGA-1,0
GGGAGATCAGTATCTG-1,2
GGGATGAGTTCCACTC-1,0
GGGCACTGTGGTCTCG-1,1
GGGCATCCAACGCACC-1,2
GGGCATCCACCAGGCT-1,0
GGGCATCCAGTGAGTG-1,0
GGGCATCTCCTCAATT-1,2
GGGTCTGAGATACACA-1,0
GGGTCTGAGGAATTAC-1,2
GGGTCTGAGTCTCAAC-1,2
GGGTCTGGTCGGCACT-1,1
GGGTTGCCAATGAATG-1,0
GGTATTGTCTTGAGAC-1,2
GGTGAAGCAACGATCT-1,2
GGTGAAGGTAAAGGAG-1,0
GGTGAAGGTTTGTTTC-1,0
GGTGCGTAGTCGAGTG-1,2
GGTGCGTGTGGGTCAA-1,2
GGTGCGTGTTCACGGC-1,2
GGTGCGTTCATCGGAT-1,2
GGTGCGTTCCCTCAGT-1,2
GGTGCGTTCTGGAGCC-1,2
GGTGTTACACAGAGGT-1,2
GGTGTTATCCAACCAA-1,0
GTAACGTAGACTAAGT-1,2
GTAACGTCAATCCGAT-1,1
GTAACGTCAGTCAGCC-1,2
GTAACTGCAAGTTCTG-1,1
GTAACTGCACACAGAG-1,0
GTAACTGTCAACGCTA-1,2
GTAACTGTCGATGAGG-1,0
GTACGTAAGACTTTCG-1,2
GTACGTAGTCTTCGTC-1,0
GTACTCCTCTGGTATG-1,2
GTACTTTAGCCAACAG-1,0
GTACTTTAGGTTACCT-1,2
GTAGGCCGTGAAGGCT-1,0
GTAGGCCTCTCTAAGG-1,2
GTAGGCCTCTTGCAAG-1,2
GTAGTCAAGATCGGGT-1,2
GTAGTCACAGAGTGTG-1,2
GTATCTTAGAGTTGGC-1,0
GTATCTTAGTCATCCA-1,1
GTATCTTCAAGGCTCC-1,0
GTATCTTCATGCATGT-1,0
GTATCTTGTCTTTCAT-1,2
GTATTCTAGCTGCGAA-1,0
GTATTCTAGTGTACTC-1,0
GTATTCTCACATCCGG-1,2
GTCACAATCTCAAACG-1,0
GTCACGGAGTGAAGAG-1,0
GTCACGGTCATCTGCC-1,0
GTCATTTGTAAACACA-1,0
GTCATTTTCACGACTA-1,0
GTCCTCACACAGGTTT-1,2
GTCGGGTAGGCTATCT-1,0
GTCGGGTAGTCGTTTG-1,0
GTCGGGTCACCAGTTA-1,1
GTCGGGTCATGCCCGA-1,0
GTCGGGTGTTTGACTG-1,0
GTCGTAAAGAATTGTG-1,2
GTCGTAAGTATCTGCA-1,0
GTCTCGTCACCTCGGA-1,1
GTCTCGTGTAAGGGCT-1,0
GTCTCGTGTCAATGTC-1,0
GTCTTCGAGATTACCC-1,2
GTCTTCGGTGCAGTAG-1,0
GTCTTCGGTGTTAAGA-1,2
GTGAAGGAGCTATGCT-1,2
GTGCAGCCAAGCGATG-1,0
GTGCAGCTCGAGCCCA-1,2
GTGCATAAGAAGATTC-1,0
GTGCATACACAAGTAA-1,2
GTGCGGTGTCGGGTCT-1,0
GTGGGTCAGGACACCA-1,0
GTGGGTCCAAGGACAC-1,0
GTGTGCGAGCTTTGGT-1,2
GTGTGCGCAATCAGAA-1,0
GTGTGCGGTCGCATCG-1,2
GTGTTAGGTAAGGGCT-1,2
GTGTTAGTCCACGACG-1,2
GTGTTAGTCGAATGGG-1,2
GTTAAGCCAGATCGGA-1,2
GTTAAGCCATGCCCGA-1,0
GTTAAGCTCCGCATCT-1,0
GTTAAGCTCTCCTATA-1,0
GTTACAGCACGTTGGC-1,2
GTTACAGGTCGTGGCT-1,2
GTTACAGTCTACTTAC-1,2
GTTCATTAGCAGGTCA-1,0
GTTCATTAGTCATCCA-1,1
GTTCATTAGTGTCCCG-1,2
GTTCATTGTAGTGAAT-1,2
GTTCATTTCTGATACG-1,1
GTTCATTTCTTCATGT-1,2
GTTCGGGGTGGCTCCA-1,1
GTTCGGGTCCACGAAT-1,1
GTTCGGGTCCTGCTTG-1,2
GTTCTCGAGTAGCCGA-1,2
GTTCTCGGTGTGAATA-1,1
GTTCTCGTCTCGAGTA-1,0
GTTCTCGTCTGTTGAG-1,1
GTTTCTAGTGAGCGAT-1,0
TAAACCGTCGTAGGTT-1,0
TAAACCGTCGTGGACC-1,2
TAAGAGACATATACGC-1,2
TAAGAGATCCGTCAAA-1,1
TAAGCGTGTAAATGTG-1,0
TAAGCGTTCTGCAAGT-1,2
TAAGTGCCAACACCCG-1,0
TAAGTGCTCGAATGGG-1,2
TACACGAGTGTAAGTA-1,2
TACAGTGCAACTGGCC-1,0
TACAGTGCACATGTGT-1,0
TACAGTGCAGCGTTCG-1,1
TACAGTGGTCGAGTTT-1,0
TACAGTGGTCTCTTTA-1,2
TACAGTGTCACGATGT-1,1
TACCTATAGTCGATAA-1,2
TACCTATGTCAGCTAT-1,1
TACCTATGTTTACTCT-1,2
TACCTTATCACTTACT-1,2
TACGGATAGCACAGGT-1,2
TACGGGCAGTCGTACT-1,0
TACGGGCCAGGTTTCA-1,1
TACGGGCGTTAAAGTG-1,0
TACGGTAAGAACAATC-1,0
TACGGTAAGATCCCAT-1,2
TACGGTAAGCACCGTC-1,0
TACGGTACACGTCAGC-1,2
TACGGTAGTTGTTTGG-1,0
TACGGTATCTGGGCCA-1,2
TACTCATAGATGCCAG-1,0
TACTCATAGGGATGGG-1,2
TACTCATAGTTCGATC-1,2
TACTCATGTCTAGTCA-1,2
TACTCATTCACGCATA-1,1
TACTCGCAGAGTACAT-1,0
TACTCGCCAGCTCGCA-1,1
TACTCGCTCTAAGCCA-1,2
TACTCGCTCTGTCCGT-1,2
TACTTACAGTCAAGCG-1,0
TACTTGTCAAGGACAC-1,0
TACTTGTCACACCGAC-1,0
TACTTGTGTCTCGTTC-1,0
TACTTGTTCACAACGT-1,0
TACTTGTTCTTCAACT-1,2
TAGACCACAAACAACA-1,2
TAGACCACACAGCCCA-1,2
TAGAGCTAGCTGCCCA-1,0
TAGAGCTCAGCGTTCG-1,1
TAGCCGGAGCATCATC-1,0
TAGCCGGCAGACTCGC-1,0
TAGCCGGCAGGAATCG-1,2
TAGGCATGTCTCTTTA-1,2
TAGGCATTCAAGAAGT-1,0
TAGTGGTAGGCCCTTG-1,1
TAGTGGTAGTTTAGGA-1,1
TAGTGGTCAAGCTGGA-1,0
TAGTGGTTCCCGGATG-1,0
TAGTTGGGTGAACCTT-1,0
TATCAGGAGAGTCGGT-1,2
TATCAGGCATTGGCGC-1,0
TATCAGGGTTCTCATT-1,2
TATCAGGTCGGCATCG-1,0
TATCAGGTCTTCATGT-1,0
TATCTCAGTTAAGACA-1,0
TATGCCCCAGGCGATA-1,2
TATGCCCGTGACCAAG-1,0
TATTACCTCGGACAAG-1,2
TCAACGAAGCCAGGAT-1,1
TCAACGAAGGGATGGG-1,2
TCAACGAGTCTGGTCG-1,2
TCAATCTCATTGTGCA-1,0
TCAATCTGTACAGACG-1,0
TCAATCTTCAAAGTAG-1,2
TCACAAGAGGCCGAAT-1,2
TCACAAGAGTGGACGT-1,0
TCACAAGGTGAAAGAG-1,2
TCACGAATCCACGAAT-1,0
TCACGAATCCTCAACC-1,1
TCAGATGAGCGTAATA-1,1
TCAGATGAGGCAAAGA-1,1
TCAGATGCACCACGTG-1,0
TCAGATGGTGATGTCT-1,2
TCAGCAAAGGAATCGC-1,0
TCAGCAATCACCATAG-1,1
TCAGCTCCAAGTTGTC-1,0
TCAGGATAGCTGGAAC-1,0
TCAGGATGTAGTACCT-1,2
TCAGGTACATCGATGT-1,2
TCATTACAGGGCATGT-1,2
TCATTACGTACGAAAT-1,2
TCATTACGTCCGCTGA-1,1
TCATTACTCTGGTTCC-1,2
TCATTTGAGTGTACTC-1,2
TCATTTGTCACTCCTG-1,1
TCATTTGTCTCCCTGA-1,1
TCCACACAGTACGTTC-1,2
TCCACACAGTCTCGGC-1,2
TCCACACGTGGGTCAA-1,0
TCCACACGTTTCGCTC-1,1
TCCCGATAGCCACCTG-1,1
TCCCGATCAGTTCATG-1,0
TCCCGATGTGCAGACA-1,0
TCGAGGCAGAAGGTGA-1,0
TCGAGGCAGAATTCCC-1,2
TCGAGGCGTAGCGCTC-1,1
TCGAGGCGTGTAAGTA-1,0
TCGAGGCTCCGTCAAA-1,0
TCGCGAGCACCACCAG-1,1
TCGCGAGCAGGACGTA-1,0
TCGCGAGCATTGGCGC-1,0
TCGCGTTAGGAGTAGA-1,2
TCGCGTTCATCGTCGG-1,0
TCGGGACAGAGCAATT-1,2
TCGGGACCACTTACGA-1,2
TCGGGACGTGTTCTTT-1,0
TCGGGACTCACGCATA-1,0
TCGGTAATCTCAACTT-1,2
TCGGTAATCTCTGAGA-1,2
TCGTACCCACAGCCCA-1,2
TCGTACCGTGCACGAA-1,1
TCGTACCGTTCGTTGA-1,0
TCGTAGAAGAGGTAGA-1,0
TCGTAGAAGTGAATTG-1,0
TCGTAGACAAAGTGCG-1,2
TCTATTGAGAGATGAG-1,2
TCTATTGAGCGGATCA-1,1
TCTATTGTCAGGTAAA-1,2
TCTCATACAAAGGTGC-1,2
TCTCATAGTATAGTAG-1,0
TCTCATATCTCGATGA-1,0
TCTCTAACAATGGAGC-1,0
TCTCTAACAGGTTTCA-1,2
TCTGAGAAGTTACCCA-1,2
TCTGAGAGTACGAAAT-1,2
TCTGAGAGTCACTGGC-1,2
TCTGGAACACAGACAG-1,0
TCTGGAACACGACGAA-1,0
TCTGGAACAGCTGGCT-1,1
TCTTCGGAGGCGTACA-1,2
TCTTCGGCATGAGCGA-1,0
TCTTTCCCAAGCCGCT-1,1
TCTTTCCTCGCGCCAA-1,2
TGAAAGAAGGAACTGC-1,0
TGACAACAGCGTGTCC-1,2
TGACAACCAAGCGTAG-1,1
TGACAACTCTTACCGC-1,1
TGACGGCAGCTACCTA-1,2
TGACGGCAGGAATCGC-1,2
TGACGGCGTACGAAAT-1,1
TGACGGCTCATGCTCC-1,1
TGACTAGGTCGAAAGC-1,1
TGACTTTGTAGAGCTG-1,2
TGAGAGGAGCGTAGTG-1,2
TGAGAGGAGGCGATAC-1,0
TGAGAGGCACAACGTT-1,2
TGAGAGGCAGACACTT-1,0
TGAGAGGCAGACTCGC-1,1
TGAGAGGGTTTAAGCC-1,1
TGAGCATAGCTAGGCA-1,0
TGAGCATAGCTGTCTA-1,1
TGAGGGACAGTTAACC-1,0
TGATTTCAGCGTCTAT-1,2
TGATTTCTCCAACCAA-1,0
TGCACCTAGACAATAC-1,2
TGCCAAAAGAATCTCC-1,0
TGCCAAAGTTCCACTC-1,0
TGCCCATAGCATGGCA-1,1
TGCCCATCACAGACTT-1,2
TGCCCATTCAGAGGTG-1,0
TGCCCATTCCTGTAGA-1,2
TGCCCATTCGGTCTAA-1,1
TGCCCTAGTACGAAAT-1,2
TGCCCTATCAACGGGA-1,0
TGCGCAGCATCTCCCA-1,0
TGCGCAGGTCGGCTCA-1,2
TGCGCAGTCTCGTATT-1,0
TGCGCAGTCTTACCGC-1,1
TGCGGGTAGTGATCGG-1,2
TGCGGGTGTAGCGTAG-1,2
TGCGGGTTCTGGTGTA-1,2
TGCGTGGCAGAAGCAC-1,0
TGCGTGGCATGCCCGA-1,0
TGCGTGGGTATTCGTG-1,1
TGCGTGGTCGATAGAA-1,2
TGCTACCAGGATATAC-1,0
TGCTACCCACCAGGTC-1,2
TGCTACCGTACATCCA-1,1
TGCTACCGTCGAACAG-1,2
TGCTGCTCAGTATAAG-1,2
TGGACGCAGACGCACA-1,1
TGGACGCAGGACTGGT-1,2
TGGACGCCACCGAAAG-1,2
TGGACGCGTAGCCTAT-1,2
TGGACGCGTCACTTCC-1,0
TGGACGCGTCCAACTA-1,1
TGGACGCTCATCGGAT-1,0
TGGCCAGAGATGAGAG-1,2
TGGCGCACACGGTAGA-1,0
TGGCGCACAGCCTTGG-1,0
TGGCGCACATGTTGAC-1,0
TGGCTGGGTCCCTTGT-1,0
TGGCTGGTCCGCATCT-1,0
TGGGAAGGTCAATACC-1,0
TGGGAAGGTCACTTCC-1,0
TGGGCGTCACAAGTAA-1,0
TGGTTAGAGGGCTTCC-1,2
TGGTTAGAGTCCTCCT-1,2
TGGTTAGCAGGGTTAG-1,0
TGGTTAGCAGTAGAGC-1,0
TGGTTCCCAGTAGAGC-1,0
TGGTTCCGTGTGGTTT-1,2
TGTATTCAGAGCAATT-1,0
TGTCCCAAGAGCCCAA-1,1
TGTCCCAGTCAATGTC-1,0
TGTCCCAGTTCGTTGA-1,0
TGTCCCATCTATCCCG-1,1
TGTGGTACAGAGCCAA-1,2
TGTGGTACATCCAACA-1,0
TGTGGTAGTCGCGTGT-1,2
TGTGGTATCATCGCTC-1,2
TGTGGTATCGAGGTAG-1,1
TGTGGTATCGGCGGTT-1,0
TGTGTTTAGGCCCTTG-1,0
TGTGTTTCAGGCGATA-1,0
TGTGTTTCATGGGACA-1,0
TGTGTTTTCCCAAGTA-1,2
TGTGTTTTCGGGAGTA-1,1
TGTTCCGAGCCCAATT-1,0
TTAACTCCACTGTGTA-1,0
TTAACTCTCGCGGATC-1,2
TTAGGACCATCGTCGG-1,1
TTAGGACGTATGCTTG-1,2
TTAGGACTCTCAAACG-1,2
TTATGCTCATGTAGTC-1,0
TTATGCTGTCAGAATA-1,0
TTATGCTGTTACGTCA-1,0
TTATGCTTCGGCGCAT-1,0
TTCCCAGCAGCTTAAC-1,2
TTCCCAGCATAAGACA-1,0
TTCCCAGGTGAGTATA-1,2
TTCCCAGGTGCAGTAG-1,2
TTCGAAGAGACAATAC-1,0
TTCGAAGGTAACGCGA-1,2
TTCGAAGTCTACCAGA-1,0
TTCGGTCAGGAGTTTA-1,1
TTCGGTCGTGTATGGG-1,2
TTCGGTCTCCCTGACT-1,2
TTCTACAAGATGAGAG-1,2
TTCTACACAAGCCCAC-1,0
TTCTACATCAAGAAGT-1,2
TTCTCAAGTGACGCCT-1,2
TTCTCCTAGACAATAC-1,0
TTCTCCTCAGACAAAT-1,1
TTCTCCTCATTCACTT-1,2
TTCTCCTGTAGAGGAA-1,0
TTCTCCTTCTAAGCCA-1,2
TTCTCCTTCTACCAGA-1,0
TTCTTAGAGCCAGGAT-1,0
TTCTTAGTCACCATAG-1,0
TTCTTAGTCCGCATAA-1,0
TTGAACGCAAGTCTGT-1,2
TTGAACGCAAGTTGTC-1,0
TTGAACGTCACCATAG-1,2
TTGACTTGTACTTGAC-1,0
TTGCCGTCACATGGGA-1,2
TTGCCGTCAGACGCTC-1,1
TTGTAGGGTTTGTGTG-1,0
TTGTAGGTCAGCATGT-1,2
TTGTAGGTCGCAGGCT-1,0
TTTCCTCAGCTAAACA-1,2
TTTCCTCAGCTTTGGT-1,2
TTTCCTCGTATGAAAC-1,1
TTTCCTCTCCTGTACC-1,2
TTTGCGCAGATGCGAC-1,1
TTTGCGCAGCAGCGTA-1,0
TTTGCGCCAGTAAGAT-1,2
TTTGGTTAGATGCCTT-1,2
TTTGGTTCAGGACGTA-1,2
TTTGGTTCAGGGAGAG-1,2
TTTGTCAAGGCGATAC-1,2
TTTGTCACAGGTGGAT-1,1
TTTGTCATCGTCACGG-1,1
TTTGTCATCTGAAAGA-1,0
Co_P1_FA_GFP_0,2
Ute_P1_Neg_0,1
Ute_P1_Neg_5,1
Ute_P1_GFP_3,0
Co_P1_FA_GFP_9,2
Ute_P1_GFP_0,2
Ute_P1_GFP_4,2
Co_P1_FA_GFP_2,2
Ute_P1_Neg_2,0
Ute_P1_Neg_6,2
Co_P1_FA_GFP_3,2
Co_P1_FA_GFP_95,0
Ute_P1_Neg_7,0
Co_P1_FA_GFP_4,2
Co_P1_FA_GFP_11,0
Co_P1_FA_GFP_5,0
Ute_P1_Neg_36,2
Ute_P1_GFP_1,2
Ute_P1_Neg_3,2
Ute_P1_Neg_8,2
Co_P1_FA_GFP_6,2
Ute_P1_Neg_1,1
Ute_P1_Neg_9,1
Ute_P1_Neg_4,2
Ute_P1_GFP_2,2
Ute_P1_Neg_10,2
Ute_P1_GFP_6,0
Ute_P1_GFP_18,0
Ute_P1_Neg_11,1
Ute_P1_GFP_10,2
Ute_P1_GFP_13,2
Ute_P1_GFP_16,2
Ute_P1_Neg_14,0
Ute_P1_GFP_14,0
Ute_P1_GFP_17,2
Ute_P1_GFP_19,2
Ute_P1_Neg_12,2
Ute_P1_Neg_15,2
Ute_P1_GFP_11,0
Ute_P1_Neg_18,1
Ute_P1_Neg_20,0
Ute_P1_Neg_13,2
Ute_P1_GFP_8,2
Ute_P1_Neg_21,1
Ute_P1_GFP_20,2
Ute_P1_GFP_7,2
Ute_P1_Neg_16,2
Ute_P1_GFP_12,2
Ute_P1_Neg_19,2
Ute_P1_GFP_9,2
Ute_P1_GFP_15,2
Ute_P1_GFP_22,2
Ute_P1_Neg_24,0
Ute_P1_GFP_32,2
Ute_P1_GFP_23,2
Ute_P1_GFP_24,0
Ute_P1_GFP_25,2
Ute_P1_GFP_28,0
Ute_P1_GFP_33,2
Ute_P1_Neg_22,2
Ute_P1_GFP_26,0
Ute_P1_Neg_27,2
Ute_P1_Neg_28,2
Ute_P1_Neg_23,2
Ute_P1_GFP_27,2
Ute_P1_GFP_29,2
Ute_P1_Neg_25,0
Ute_P1_GFP_30,2
Ute_P1_GFP_34,1
Ute_P1_GFP_31,2
Ute_P1_GFP_37,2
Ute_P1_GFP_41,2
Ute_P1_GFP_46,2
Ute_P1_GFP_35,2
Ute_P1_Neg_34,2
Ute_P1_Neg_30,0
Ute_P1_GFP_50,2
Ute_P1_GFP_36,2
Ute_P1_GFP_38,2
Ute_P1_Neg_32,2
Ute_P1_GFP_47,2
Ute_P1_GFP_51,2
Ute_P1_Neg_35,2
Ute_P1_GFP_48,2
Ute_P1_GFP_39,2
Ute_P1_GFP_42,0
Ute_P1_GFP_52,2
Ute_P1_GFP_40,2
Ute_P1_Neg_33,1
Ute_P1_GFP_53,0
Ute_P1_Neg_31,2
Ute_P1_GFP_43,2
Ute_P1_GFP_45,0
Ute_P1_GFP_49,0
Co_P1_Ep_Neg_3,2
Co_P1_Ep_GFP_6,0
Co_P1_Ep_GFP_14,2
Co_P1_Ep_GFP_0,2
Co_P1_Ep_Neg_0,0
Co_P1_Ep_GFP_3,0
Co_P1_Ep_GFP_13,0
Co_P1_Ep_GFP_15,0
Co_P1_Ep_Neg_4,0
Co_P1_Ep_GFP_7,0
Co_P1_Ep_GFP_1,2
Co_P1_Ep_Neg_5,0
Co_P1_Ep_GFP_11,2
Co_P1_Ep_GFP_16,0
Co_P1_Ep_Neg_1,0
Co_P1_Ep_Neg_8,2
Co_P1_Ep_Neg_15,0
Co_P1_Ep_Neg_18,2
Co_P1_Ep_GFP_2,1
Co_P1_Ep_Neg_6,2
Co_P1_Ep_GFP_9,0
Co_P1_Ep_Neg_16,0
Co_P1_Ep_Neg_19,2
Co_P1_Ep_GFP_5,0
Co_P1_Ep_GFP_10,2
Co_P1_Ep_Neg_20,2
Co_P1_FA_GFP_62,2
Co_P1_FA_GFP_70,2
Co_P1_FA_GFP_78,2
Co_P1_FA_GFP_83,2
Co_P1_FA_GFP_47,2
Co_P1_FA_GFP_55,0
Co_P1_FA_GFP_63,2
Co_P1_FA_GFP_71,2
Co_P1_FA_GFP_79,0
Co_P1_FA_GFP_84,0
Co_P1_FA_GFP_48,0
Co_P1_FA_GFP_56,0
Co_P1_FA_GFP_64,0
Co_P1_FA_GFP_72,0
Co_P1_FA_GFP_85,0
Co_P1_FA_GFP_49,2
Co_P1_FA_GFP_57,0
Co_P1_FA_GFP_65,2
Co_P1_FA_GFP_73,2
Co_P1_FA_GFP_86,2
Co_P1_FA_GFP_58,0
Co_P1_FA_GFP_66,0
Co_P1_FA_GFP_74,0
Co_P1_FA_GFP_87,2
Co_P1_FA_GFP_59,0
Co_P1_FA_GFP_67,0
Co_P1_FA_GFP_75,0
Co_P1_FA_GFP_80,0
Co_P1_FA_GFP_88,0
Co_P1_FA_GFP_52,2
Co_P1_FA_GFP_60,0
Co_P1_FA_GFP_68,0
Co_P1_FA_GFP_76,0
Co_P1_FA_GFP_81,1
Co_P1_FA_GFP_89,0
Co_P1_FA_GFP_53,2
Co_P1_FA_GFP_69,0
Co_P1_FA_GFP_77,0
Co_P1_FA_GFP_82,2
Co_P1_FA_GFP_90,2
Co_P1_FA_GFP_91,2
Co_P1_FA_GFP_92,2
Co_P1_FA_GFP_93,2
Co_P1_Ep_Neg_26,0
Co_P1_Ep_Neg_31,0
Co_P1_Ep_GFP_25,2
Co_P1_Ep_Neg_41,2
Co_P1_Ep_Neg_45,0
Co_P1_Ep_GFP_18,2
Co_P1_Ep_Neg_27,2
Co_P1_Ep_GFP_23,2
Co_P1_Ep_Neg_36,0
Co_P1_Ep_Neg_42,2
Co_P1_Ep_GFP_32,2
Co_P1_Ep_Neg_28,0
Co_P1_Ep_Neg_32,0
Co_P1_Ep_GFP_26,0
Co_P1_Ep_GFP_28,2
Co_P1_Ep_Neg_46,0
Co_P1_Ep_Neg_22,0
Co_P1_Ep_GFP_20,0
Co_P1_Ep_GFP_24,2
Co_P1_Ep_Neg_37,0
Co_P1_Ep_GFP_29,0
Co_P1_Ep_Neg_23,2
Co_P1_Ep_GFP_21,0
Co_P1_Ep_Neg_38,2
Co_P1_Ep_Neg_43,0
Co_P1_Ep_Neg_47,0
Co_P1_Ep_GFP_19,1
Co_P1_Ep_Neg_29,2
Co_P1_Ep_Neg_39,0
Co_P1_Ep_Neg_44,0
Co_P1_Ep_Neg_48,0
Co_P1_Ep_Neg_24,0
Co_P1_Ep_Neg_30,0
Co_P1_Ep_Neg_34,0
Co_P1_Ep_GFP_27,0
Co_P1_Ep_GFP_30,0
Co_P1_Ep_GFP_33,0
Co_P1_Ep_Neg_25,0
Co_P1_Ep_GFP_22,2
Co_P1_Ep_Neg_35,0
Co_P1_Ep_Neg_40,2
Co_P1_Ep_GFP_31,1
Co_P1_Ep_GFP_34,0
Co_P1_Ep_GFP_35,2
Co_P1_Ep_Neg_53,2
Co_P1_Ep_GFP_36,2
Co_P1_Ep_GFP_38,2
Co_P1_Ep_GFP_37,2
Co_P1_Ep_Neg_49,2
Co_P1_Ep_Neg_50,2
Co_P1_Ep_GFP_39,2
Co_P1_Ep_Neg_51,2
Co_P1_Ep_Neg_54,2
Co_P1_Ep_Neg_52,0
Co_P1_Ep_GFP_40,2
Cell_001,0
Cell_002,0
Cell_003,1
Cell_004,2
Cell_005,1
Cell_006,0
Cell_007,1
Cell_008,0
Cell_009,1
Cell_010,2
Cell_011,1
Cell_012,1
Cell_013,2
Cell_014,0
Cell_015,0
Cell_016,0
Cell_017,0
Cell_018,2
Cell_019,0
Cell_020,0
Cell_021,0
Cell_022,0
Cell_023,0
Cell_024,0
Cell_025,0
Cell_026,0
Cell_027,0
Cell_028,0
Cell_029,0
Cell_030,0
Cell_031,0
Cell_032,2
Cell_033,0
Cell_034,0
Cell_035,1
Cell_036,2
Cell_037,2
Cell_038,2
Cell_039,0
Cell_040,2
Cell_041,0
Cell_042,2
Cell_043,0
Cell_044,0
Cell_045,0
Cell_046,2
Cell_047,0
Cell_048,2
Cell_049,0
Cell_050,0
Cell_051,2
Cell_052,0
Cell_055,2
Cell_058,0
Cell_059,2
Cell_060,1
Cell_061,2
Cell_062,2
Cell_063,0
Cell_064,2
Cell_065,1
Cell_066,2
Cell_067,2
Cell_070,2
Cell_071,1
Cell_074,1
Cell_076,2
Cell_077,2
Cell_079,1
Cell_082,2
Cell_083,1
Cell_084,2
Cell_085,2
Cell_086,1
Cell_090,1
Cell_091,2
Cell_093,1
Cell_094,0
Cell_095,1
Cell_098,0
Cell_099,1
Cell_102,1
Cell_103,1
Cell_105,1
Cell_106,1
Cell_107,2
Cell_108,1
Cell_109,1
Cell_110,0
Cell_111,1
Cell_114,2
Cell_115,2
Cell_117,2
Cell_120,1
Cell_122,0
Cell_123,2
Cell_124,1
Cell_125,1
Cell_126,1
Cell_129,0
Cell_130,0
Cell_131,0
Cell_134,0
Cell_137,0
Cell_138,0
Cell_139,0
Cell_141,0
Cell_144,0
Cell_145,0
Cell_146,0
Cell_147,0
Cell_148,2
Cell_150,1
Cell_151,0
Cell_152,0
Cell_153,1
Cell_154,2
Cell_157,0
Cell_158,1
Cell_159,2
Cell_160,2
Cell_161,2
Cell_164,2
Cell_165,2
Cell_166,0
Cell_168,2
Cell_169,2
Cell_171,2
Cell_173,2
Cell_174,2
Cell_175,2
Cell_177,0
Cell_179,2
Cell_180,0
Cell_181,2
Cell_182,0
Cell_183,0
Cell_184,1
Cell_185,0
Cell_186,2
Cell_191,0
Cell_192,2
Cell_196,2
Cell_198,2
Cell_199,0
Cell_200,2
Cell_201,0
Cell_202,0
Cell_203,2
Cell_204,1
Cell_205,0
Cell_206,2
Cell_207,0
Cell_208,1
Cell_209,0
Cell_210,2
Cell_212,1
Cell_213,2
Cell_214,2
Cell_215,0
Cell_216,2
Cell_217,1
Cell_218,0
Cell_219,2
Cell_220,0
Cell_221,1
Cell_222,2
Cell_223,2
Cell_224,2
Cell_226,2
Cell_227,2
Cell_228,0
Cell_229,0
Cell_230,0
Cell_231,0
Cell_233,2
Cell_234,0
Cell_235,0
Cell_236,0
Cell_237,0
Cell_245,0
Cell_246,2
Cell_247,2
Cell_248,2
Cell_249,0
Cell_250,0
Cell_251,2
Cell_252,2
Cell_253,0
Cell_254,0
Cell_255,2
Cell_256,0
Cell_257,0
Cell_258,0
Cell_259,0
Cell_260,0
Cell_261,2
Cell_262,0
Cell_263,0
Cell_265,0
Cell_266,0
Cell_267,0
Cell_268,0
Cell_269,0
Cell_270,0
Cell_271,0
Cell_272,0
Cell_273,0
Cell_274,0
Cell_275,0
Cell_276,0
