,UMAP_1,UMAP_2
AAACCTGAGCACCGCT-1,1.5562359,1.6157936
AAACCTGCACATTCGA-1,2.4739623,1.472035
AAACCTGCAGGGTTAG-1,1.0803286,2.021358
AAACCTGGTTGAACTC-1,0.57888526,0.91722775
AAACCTGTCACCTTAT-1,1.6829599,1.8304243
AAACGGGTCCACGTGG-1,3.8356183,4.7708454
AAAGATGCAAGGACTG-1,2.7411928,0.27161005
AAAGATGCACGAAATA-1,5.4237604,4.810977
AAAGATGCATCGATTG-1,1.6407322,-0.6178634
AAAGATGGTACACCGC-1,1.1981512,-1.1260507
AAAGATGGTCTTTCAT-1,0.2929909,0.805794
AAAGCAAAGATGCCAG-1,0.1735651,2.4214873
AAAGCAACACAGATTC-1,1.9826838,1.1713152
AAAGCAATCGTAGATC-1,2.3408864,3.0686824
AAAGTAGAGAATAGGG-1,3.32811,-0.11013244
AAAGTAGGTAAGTGGC-1,0.87696236,0.16288693
AAATGCCGTATTCGTG-1,2.9539165,1.7414384
AACACGTCAAGCGATG-1,0.5492248,-0.0054606637
AACACGTGTATCAGTC-1,1.9027506,2.5062375
AACCATGTCACCCTCA-1,1.453154,3.36244
AACCGCGAGTGTTGAA-1,1.0047913,0.5453654
AACGTTGAGGTGCTTT-1,4.6188974,5.1777844
AACGTTGGTTCGGCAC-1,0.9280362,2.8274884
AACTCAGCACAGACAG-1,1.2395184,3.7630599
AACTCAGGTAAGGGCT-1,0.525771,1.0952245
AACTCCCAGCGCTCCA-1,0.7668635,0.54072654
AACTCTTAGTAGTGCG-1,1.922851,2.1363077
AACTCTTGTCTTCGTC-1,2.3858855,0.751027
AACTGGTCAGCCAGAA-1,2.0199125,3.4886727
AACTGGTCAGGTCGTC-1,2.3255923,3.7526588
AACTTTCGTTTACTCT-1,3.1503615,-0.5570552
AACTTTCTCAGAGCTT-1,1.3277496,1.5695144
AACTTTCTCGTACCGG-1,4.605689,4.1375713
AAGACCTAGGAGCGAG-1,2.8648975,3.2012687
AAGACCTCAGAGCCAA-1,3.1709857,4.686092
AAGCCGCAGGAGCGAG-1,2.8766448,3.7757814
AAGCCGCCACATGGGA-1,0.045319635,0.07506098
AAGCCGCGTTCGCTAA-1,4.3136406,4.7379966
AAGGAGCAGCGAGAAA-1,0.94673336,1.5211312
AAGGAGCCACCTCGGA-1,1.3767643,0.98392546
AAGGAGCCATCGGAAG-1,1.4586644,2.0795116
AAGGCAGCAGGCTCAC-1,1.0080591,1.5444541
AAGGCAGGTAAGTGGC-1,0.15353389,-0.42660967
AAGGTTCAGCGTCTAT-1,0.6248188,-0.94128144
AAGGTTCGTTTGACAC-1,1.9328073,1.5471973
AAGGTTCTCAACGAAA-1,4.015153,4.30356
AAGTCTGAGCAAATCA-1,1.3208119,-0.82155395
AAGTCTGCACCATCCT-1,0.87243867,3.3278413
AATCCAGCACGAAATA-1,2.3220973,1.891805
AATCCAGTCACTCCTG-1,1.23181,2.9583488
AATCCAGTCCTTAATC-1,3.2280016,4.788047
AATCGGTAGCCAACAG-1,4.2095857,4.067424
AATCGGTGTAGAAGGA-1,1.6051953,1.0036607
AATCGGTTCACTCCTG-1,0.631983,3.1901605
ACACCCTAGGCAATTA-1,0.69247603,2.2184567
ACACCCTGTCTGATTG-1,1.6880176,3.3348
ACACCGGAGATCCCGC-1,1.1013937,1.1790283
ACACCGGTCCTCTAGC-1,1.9783114,3.3845756
ACAGCCGAGCCATCGC-1,2.4748588,0.7447394
ACAGCCGAGCCTTGAT-1,2.2853158,0.56821525
ACAGCCGCAGCGAACA-1,0.49751917,0.6551016
ACAGCCGTCGGACAAG-1,2.0140321,3.2016997
ACAGCTAAGATATGCA-1,1.8955564,1.1168371
ACAGCTAAGCACGCCT-1,2.5128706,3.1365361
ACAGCTAAGCTAAGAT-1,1.938732,0.88087565
ACAGCTAAGGATGCGT-1,1.1028116,-0.333377
ACAGCTAGTAAGTGGC-1,3.1740348,0.054435663
ACAGCTAGTGGTGTAG-1,2.0672865,2.1505408
ACAGCTATCAATCTCT-1,0.9494063,0.6671555
ACATACGCACCGATAT-1,3.6453376,1.2945826
ACATACGTCGCTGATA-1,2.6914203,0.62703574
ACATCAGCAAGGTTTC-1,0.22268786,2.8401203
ACATCAGCATTTCACT-1,1.9961838,-0.9669494
ACATGGTAGCGTTTAC-1,1.8177731,0.35857394
ACATGGTAGGAATGGA-1,1.4644125,2.0408487
ACATGGTGTAAGGATT-1,1.5487437,-0.3916462
ACCAGTACATGCGCAC-1,3.3450978,0.095021375
ACCAGTACATGGTCAT-1,1.46742,3.6869202
ACCAGTAGTTTGTGTG-1,4.1035457,4.0029798
ACCCACTGTCTGGTCG-1,2.380189,-0.069009036
ACCGTAAAGTCCGTAT-1,2.2743192,0.74405557
ACCTTTAAGCTTTGGT-1,0.4320805,1.2199135
ACCTTTAGTAGGCATG-1,0.8685878,3.4250627
ACCTTTAGTATAGTAG-1,3.0054939,4.4129434
ACGAGCCAGATATGCA-1,3.072583,4.530766
ACGAGCCGTAGAGTGC-1,1.6052343,2.2611463
ACGAGCCGTCTAGCCG-1,1.1032243,1.3463551
ACGAGGACATAACCTG-1,1.1991683,-0.29158115
ACGAGGAGTAGTACCT-1,0.36377853,2.2803605
ACGAGGATCACTATTC-1,1.555321,-0.70207363
ACGATACAGATATGCA-1,4.6759906,4.8553853
ACGATACAGGTACTCT-1,0.7503734,1.846218
ACGATGTAGCGTTGCC-1,2.084137,1.9323112
ACGATGTGTATGGTTC-1,2.105965,1.7488201
ACGATGTGTTCCACAA-1,1.4064302,3.4938064
ACGATGTTCCTAAGTG-1,2.527447,3.1276739
ACGCAGCCAGATCCAT-1,4.5932226,4.3945875
ACGCAGCGTCATGCCG-1,1.3071998,-0.03987332
ACGCCAGGTTGATTGC-1,1.8513331,3.4772384
ACGCCAGTCTTCAACT-1,2.3698418,1.9206084
ACGCCGAAGGCTAGAC-1,2.7415044,3.4855525
ACGCCGAAGTTGTCGT-1,0.7934441,0.4605899
ACGCCGACAAAGCAAT-1,0.52112126,3.3983424
ACGGAGAAGGGAACGG-1,1.364608,3.6042037
ACGGAGAAGTGTACTC-1,4.182017,4.616427
ACGGAGACAGCTCGCA-1,4.176276,4.917096
ACGGAGATCCGTTGCT-1,1.6219232,0.062370386
ACGGCCAGTGACCAAG-1,2.253435,0.40674296
ACGGCCATCCACGTTC-1,2.916942,-0.38021848
ACGGGCTCAATCTACG-1,2.1171582,2.1654088
ACGGGCTTCCCTAACC-1,0.21072043,1.5446519
ACGGGCTTCCGTAGGC-1,1.7093679,2.4125292
ACGGGTCAGCGTTTAC-1,2.4432685,-0.40873268
ACGGGTCGTAAGGATT-1,2.972648,0.5698564
ACGGGTCGTAATCACC-1,1.625982,-0.550946
ACGGGTCGTCTCACCT-1,1.6985826,1.04619
ACGTCAACACGCTTTC-1,0.77559745,2.098534
ACGTCAACATCGACGC-1,2.3946946,0.86597186
ACGTCAAGTCACCTAA-1,3.0194635,0.0056745857
ACGTCAAGTGTTTGGT-1,0.91547865,2.6728795
ACTATCTTCAACCAAC-1,0.8838795,0.84991324
ACTGAACAGACAGGCT-1,1.200617,3.3188262
ACTGAACAGGACAGAA-1,0.89914155,3.3254068
ACTGAGTGTAAGGGAA-1,0.36144373,-0.30795273
ACTGATGAGTGACTCT-1,0.27064723,0.049853664
ACTGATGCACGCTTTC-1,0.32252014,1.0933456
ACTGATGTCAGAGGTG-1,4.3570085,4.7230983
ACTGCTCCACAGGTTT-1,2.0195267,-0.18897703
ACTGCTCCATCACCCT-1,5.4465003,4.924678
ACTGTCCAGATGTGGC-1,1.8837157,3.7906942
ACTGTCCAGTCAAGCG-1,1.4231156,0.7161216
ACTGTCCAGTTCGCAT-1,1.614172,3.737406
ACTGTCCCAGTAAGAT-1,3.8334677,4.712986
ACTGTCCCATCCGGGT-1,0.5132652,2.4845738
ACTGTCCTCTAGAGTC-1,2.7338488,4.1284947
ACTTACTAGTGTCCAT-1,0.37454578,1.7122757
ACTTACTCAGGTCGTC-1,0.42086643,-0.61511356
ACTTACTGTTGTGGCC-1,5.2669473,5.013098
ACTTACTTCGAATGGG-1,1.6690315,0.52517724
ACTTGTTTCCTTTCTC-1,2.0954566,2.4557192
ACTTTCACAAGGCTCC-1,2.5085378,2.4619858
AGAATAGGTGCCTGCA-1,2.7422016,0.8098807
AGACGTTGTTCCACTC-1,2.5260115,3.4771287
AGACGTTGTTGTACAC-1,0.59218776,3.4230468
AGAGCTTAGGTGGGTT-1,2.3745327,2.449365
AGAGCTTTCGCGTAGC-1,1.0921726,1.2060695
AGAGCTTTCTAACCGA-1,5.1705055,4.8181925
AGATCTGGTAAGTGTA-1,2.7546234,4.276205
AGATCTGTCCAAGTAC-1,0.9948324,2.2240584
AGATCTGTCTTGGGTA-1,0.29086167,2.8430064
AGATTGCTCTGCCAGG-1,1.2561077,0.8129813
AGCAGCCGTAGGGTAC-1,2.715235,0.3001209
AGCAGCCGTATAGTAG-1,0.9605727,0.26131284
AGCAGCCGTATCACCA-1,3.1077507,-0.019742593
AGCAGCCTCACAACGT-1,0.8643931,-0.86404103
AGCAGCCTCATACGGT-1,0.59912354,-0.8820324
AGCATACAGCGGCTTC-1,2.82932,3.0107534
AGCATACGTACCAGTT-1,0.299625,2.0017622
AGCATACGTTAAGGGC-1,2.4896007,0.5524644
AGCCTAATCTGATACG-1,1.3818889,0.9140661
AGCGGTCGTACTCGCG-1,1.6488175,2.8148878
AGCGTATGTCAAACTC-1,2.7418358,1.330176
AGCGTATGTGCAGGTA-1,2.9985487,3.6797457
AGCTCCTCAGGTTTCA-1,1.6144944,2.9632878
AGCTCCTGTAGCACGA-1,2.9929478,-0.39121094
AGCTCCTGTCCGTCAG-1,1.295076,0.08872152
AGCTCCTGTCTCTCGT-1,2.1328635,3.5108714
AGCTCCTTCCTAGTGA-1,3.155892,2.3640661
AGCTCTCAGAGGACGG-1,2.3138466,3.5068643
AGCTCTCAGCCGTCGT-1,1.3841078,3.6415777
AGCTCTCAGGTGACCA-1,0.62559724,-0.40701047
AGCTCTCCATCCAACA-1,1.3485523,3.4901118
AGCTCTCCATCTGGTA-1,0.46464238,-0.9094793
AGCTCTCGTCGAATCT-1,2.8308969,-0.27426165
AGCTTGACATTTGCTT-1,1.8956344,0.6399219
AGCTTGATCTTAACCT-1,4.7542796,4.9487133
AGGCCACAGCAGGTCA-1,2.9582548,0.13363415
AGGCCACCACCACGTG-1,0.6417425,-0.064550124
AGGCCACGTGATGCCC-1,1.4221214,1.0350612
AGGCCACGTTCAGGCC-1,1.6849092,-0.37039405
AGGCCACTCAATCACG-1,0.42906776,0.26042864
AGGCCGTAGTGTACGG-1,2.0777023,0.61904025
AGGCCGTGTTCAGACT-1,2.6507998,0.1546712
AGGCCGTGTTGCGTTA-1,1.5375649,0.9805565
AGGGAGTAGAACTGTA-1,1.5353061,0.6298435
AGGGAGTAGCCGTCGT-1,2.4019964,0.22878057
AGGGAGTAGTGGTAAT-1,2.3683994,-0.07850494
AGGGAGTCATCGATTG-1,5.0553923,5.2895684
AGGGAGTGTCGACTGC-1,1.3851463,2.9070377
AGGGAGTGTTGCGTTA-1,3.2802715,3.0805502
AGGGATGGTTACGGAG-1,0.9313458,1.1017114
AGGGATGTCTGGCGAC-1,0.48820984,2.1192112
AGGGTGAAGCTAGTCT-1,2.3772194,2.8307703
AGGGTGATCTCTGAGA-1,0.11661452,-0.3599097
AGGTCATAGATCTGCT-1,3.1007607,4.3211303
AGGTCATCAAAGGTGC-1,2.839291,3.3239775
AGGTCATGTTGATTGC-1,3.3197386,-0.09031823
AGGTCCGCACGGACAA-1,2.1547046,2.771014
AGGTCCGTCAAGGTAA-1,2.5037491,1.6435852
AGTAGTCAGTAAGTAC-1,1.2938848,3.1114788
AGTAGTCAGTGATCGG-1,3.6418734,1.9412206
AGTAGTCCATGTTGAC-1,0.53229934,1.8084395
AGTCTTTGTCGAATCT-1,0.77022564,0.4677554
AGTCTTTGTCTTCAAG-1,0.028598316,1.1962463
AGTCTTTGTGACAAAT-1,1.5409293,0.12344775
AGTGAGGGTCCGAATT-1,2.2157373,3.6225529
AGTGAGGGTCGAGTTT-1,2.9316747,2.347149
AGTGAGGTCCGCTGTT-1,1.5920808,2.8280313
AGTGGGAAGAACAATC-1,0.9402082,3.3106375
AGTGGGAAGATACACA-1,0.96029717,-0.092759944
AGTGGGACAGTTCCCT-1,1.2610002,0.49028897
AGTGGGATCTTGACGA-1,2.593392,3.2990036
AGTGTCAAGATCGGGT-1,0.75203323,2.9847052
AGTGTCATCAGCGACC-1,2.902555,2.3051333
AGTGTCATCAGGTAAA-1,1.4777832,-0.012065824
AGTTGGTAGCTACCGC-1,2.61441,1.98039
AGTTGGTAGGAGTTGC-1,2.2298617,3.0576699
AGTTGGTTCCAGAAGG-1,3.4901166,0.4364599
ATAACGCGTAAATGAC-1,3.3690991,-0.2049356
ATAACGCGTGTAAGTA-1,1.3596865,3.2990031
ATAACGCTCTTCCTTC-1,2.6098669,2.0698392
ATAAGAGAGCGTGTCC-1,0.27188143,3.1768448
ATAAGAGCACACGCTG-1,2.7873032,3.7803388
ATAAGAGGTGCAGTAG-1,2.3823583,0.65331006
ATAAGAGTCTGATACG-1,1.1551764,1.8321418
ATAGACCCAACACCTA-1,2.8094447,2.0236259
ATCACGACACAGCCCA-1,0.15053868,1.1926932
ATCATCTCAATGGATA-1,3.3951938,0.17481296
ATCATCTCAGACGTAG-1,0.21084818,-0.20561527
ATCATCTGTAACGTTC-1,1.7184808,2.575958
ATCATCTGTTGCGTTA-1,2.2966356,-0.45765737
ATCATCTTCCACGAAT-1,3.5303254,4.3780026
ATCCACCAGACTGGGT-1,1.9664046,0.6998177
ATCCACCAGGAGTCTG-1,1.9029249,0.01541943
ATCCACCCAAACCCAT-1,1.5630182,3.482028
ATCCGAAAGCCAGAAC-1,0.6695384,-0.13469811
ATCCGAACAGTAAGCG-1,2.0590944,3.3435452
ATCCGAACAGTGGGAT-1,2.4330485,-0.0010087088
ATCGAGTCATCTACGA-1,1.034882,3.4489343
ATCGAGTGTGCAGGTA-1,1.9051872,3.1811101
ATCTACTCAGGTCGTC-1,1.797226,-0.34189087
ATCTACTGTGTCCTCT-1,2.5198507,-0.9770977
ATCTACTGTGTCGCTG-1,1.5814259,2.6870503
ATCTACTTCAGGTTCA-1,2.353791,0.038215145
ATCTACTTCGCCATAA-1,1.3502855,-0.87844
ATCTGCCCACCACGTG-1,1.3026541,1.0689019
ATCTGCCGTCTTGCGG-1,1.131764,2.5131154
ATGAGGGGTTCATGGT-1,2.5646367,2.9207463
ATGAGGGGTTGATTGC-1,1.6378561,0.3733648
ATGAGGGGTTGGTGGA-1,0.28170338,-0.6148299
ATGAGGGTCCGCATCT-1,0.3874362,0.19363868
ATGCGATAGATATACG-1,0.597323,1.1374066
ATGCGATAGCAGCCTC-1,2.337022,3.2818046
ATGCGATGTGTTGGGA-1,0.7571165,3.4817467
ATGTGTGCATCCGGGT-1,0.479234,2.6622224
ATGTGTGTCTGCGGCA-1,1.6605858,2.748807
ATTACTCAGTAGCCGA-1,0.32317266,0.4155793
ATTATCCCAAGTTAAG-1,0.33105484,2.4824464
ATTATCCCACGGATAG-1,3.2367868,4.06366
ATTATCCGTTGCGCAC-1,2.3930664,-0.2102103
ATTATCCTCTACTATC-1,0.790217,2.4305627
ATTCTACAGAGTAATC-1,1.4652156,3.630858
ATTCTACAGTCCTCCT-1,0.6393587,0.63376796
ATTCTACCATGCAATC-1,3.023564,0.11029302
ATTCTACTCAGCACAT-1,2.3474402,2.5868955
ATTGGACAGGAATGGA-1,2.4671385,-1.0125059
ATTGGACTCTAACTGG-1,1.7651317,3.410258
ATTGGTGGTCATCGGC-1,3.550556,-0.22255872
ATTGGTGGTGTGGCTC-1,2.500827,2.7691677
ATTGGTGTCATAAAGG-1,2.9166908,2.44483
ATTGGTGTCCAAATGC-1,0.6135826,0.0071560894
ATTGGTGTCTCAAGTG-1,2.0840073,0.9446293
ATTGGTGTCTTGGGTA-1,3.476576,0.43884242
ATTTCTGCAAATTGCC-1,2.3008802,0.9894906
ATTTCTGCACAGGAGT-1,3.3779619,4.51781
ATTTCTGTCGAGAACG-1,0.48895946,1.9132181
ATTTCTGTCGTACGGC-1,3.2301066,2.665066
CAACCAAAGGCATGTG-1,-0.038073864,0.2193112
CAACCAACAAATACAG-1,3.144749,1.2488862
CAACCAAGTGTGCCTG-1,1.9454714,3.9699655
CAACCAATCCATTCTA-1,3.267236,0.13663155
CAACCAATCGCCAAAT-1,1.6452659,3.710446
CAACCTCCAAATACAG-1,2.5857732,3.9016786
CAACTAGAGGCATTGG-1,1.0591925,0.33156636
CAACTAGGTAAGGATT-1,1.587173,-0.119529866
CAACTAGTCTACGAGT-1,1.9020233,1.2695466
CAAGAAAAGAAGCCCA-1,0.903809,-0.63347495
CAAGAAAAGTGCCATT-1,0.1956991,2.4839993
CAAGAAACATGCCTAA-1,1.2490983,1.5646762
CAAGATCCACCAACCG-1,0.8841997,-0.115513384
CAAGATCGTAAGTAGT-1,5.3455696,5.0607395
CAAGATCGTCGGCATC-1,2.9664838,4.5287695
CAAGATCTCATCTGTT-1,1.7234272,3.1221182
CAAGGCCCATACTACG-1,0.9750295,2.6008477
CAAGGCCGTCGCGAAA-1,3.0546784,4.441257
CAAGGCCGTTGTTTGG-1,1.9848536,-0.45353377
CAAGGCCTCTAACTCT-1,0.886865,2.734126
CAAGGCCTCTCCCTGA-1,0.91052157,-0.8763666
CAAGTTGCAGACACTT-1,0.024403432,2.4744883
CAAGTTGCATTATCTC-1,3.7787569,4.3102274
CAAGTTGTCGACCAGC-1,2.233729,2.0610495
CACAAACAGCCTATGT-1,5.0651603,5.2816577
CACAAACAGTTAGCGG-1,2.6255453,4.218377
CACAAACTCTGTGCAA-1,2.17405,0.4427496
CACACAAAGACTCGGA-1,4.366773,4.753366
CACACAAAGCTTCGCG-1,3.8690548,4.1290684
CACACAACACCTATCC-1,2.1292408,1.981384
CACACCTCACAGCCCA-1,2.1693769,-0.9354708
CACACCTCACTATCTT-1,0.387415,1.2947229
CACACCTTCTACTATC-1,1.0861983,-0.71797323
CACACTCTCTAACTCT-1,0.28080434,-0.53485924
CACAGGCAGCTGCAAG-1,0.63440436,3.0622134
CACAGGCCATGCCTAA-1,0.14340815,1.905626
CACAGGCCATGTTGAC-1,2.569523,3.1663487
CACAGGCGTTCGCGAC-1,2.5557423,1.2536765
CACATAGCAAGCGATG-1,1.1480416,0.33345827
CACATAGGTCTACCTC-1,0.8440775,2.5548637
CACATAGTCTCGCATC-1,3.7712276,4.364999
CACATTTAGTGGAGTC-1,0.9828396,3.499541
CACATTTCAATGTAAG-1,0.39471924,-0.9621907
CACATTTGTTCATGGT-1,3.0790467,3.667212
CACCACTAGGCGCTCT-1,1.8688444,-1.107615
CACCACTTCATGGTCA-1,0.7563275,-0.06945418
CACTCCAAGAATTGTG-1,1.419399,3.4540496
CACTCCACAATCTACG-1,4.575318,4.361935
CACTCCAGTCAGAATA-1,1.1892432,-0.60803926
CAGAATCAGGCAAAGA-1,0.9121074,-0.33691686
CAGAATCGTCAGTGGA-1,2.4720335,3.9641924
CAGAATCGTGCCTGGT-1,1.3649054,2.0080109
CAGAATCTCAAGGTAA-1,1.8348625,-0.42575306
CAGAGAGGTCGCGAAA-1,2.395955,-0.6363684
CAGAGAGGTCTCAACA-1,2.0943375,-0.6362714
CAGAGAGGTGTGAAAT-1,1.3814179,2.604782
CAGATCAGTCGCTTCT-1,1.2791052,-1.093475
CAGATCATCAACGGGA-1,2.8361957,0.1123235
CAGATCATCAATAAGG-1,3.2325306,4.645111
CAGCAGCCACCCATGG-1,1.3855219,3.5208354
CAGCAGCGTTAAGATG-1,3.1222847,1.6711636
CAGCAGCTCACGAAGG-1,0.64795315,-0.7566459
CAGCAGCTCTACTCAT-1,0.23177508,-0.04533748
CAGCAGCTCTGGCGAC-1,1.7686013,1.3878218
CAGCATAAGCTATGCT-1,0.94076157,3.5249605
CAGCATAAGGCCATAG-1,0.22268105,-0.48004073
CAGCATAAGTATCTCG-1,2.675675,1.5772611
CAGCATATCTGTCAAG-1,0.4778908,1.6104234
CAGCCGAAGGCCCTCA-1,0.5725003,-0.119353525
CAGCCGAAGTACGACG-1,2.1792161,0.21896309
CAGCCGACAATGGAAT-1,0.21430756,-0.43029583
CAGCCGAGTGATAAAC-1,1.246741,0.9082825
CAGCCGATCCGTTGTC-1,3.3444886,0.6244118
CAGCGACCAGGTGGAT-1,1.8357338,0.9372058
CAGCGACGTCCAGTAT-1,2.6726205,2.053726
CAGCTAAAGCGTAGTG-1,0.4002088,3.550054
CAGCTAACAGTATGCT-1,0.52520806,-0.8342683
CAGCTAAGTTCGGGCT-1,3.3137286,2.2915616
CAGCTAATCCAGGGCT-1,1.0186617,-1.2409397
CAGCTAATCCTCAATT-1,3.4689684,4.851076
CAGCTGGAGCCAGTTT-1,0.40204933,-0.65291137
CAGCTGGAGGTGCACA-1,0.88548803,1.8865595
CAGCTGGAGTCGATAA-1,0.9450702,-0.5872333
CAGCTGGCAATGAATG-1,3.3089213,0.18581541
CAGCTGGCAATGTTGC-1,3.874171,4.3337927
CAGCTGGGTAGAGGAA-1,0.96449757,1.5978259
CAGCTGGGTGGGTATG-1,2.5563304,1.5180211
CAGCTGGTCTCTAGGA-1,2.5975797,2.872873
CAGGTGCCACATCCAA-1,3.394787,3.7186527
CAGTAACAGACACTAA-1,2.107122,2.7767425
CAGTAACAGAGCCCAA-1,2.152605,2.2509587
CAGTAACAGTGACTCT-1,1.9425774,2.2701576
CAGTAACGTATATGAG-1,1.2189258,1.3649993
CAGTAACGTCTACCTC-1,2.590716,3.634354
CAGTCCTGTCTGCAAT-1,1.8565792,0.9359209
CATATGGGTGCACGAA-1,2.195849,-0.2645573
CATATTCAGACGCACA-1,2.5848222,2.258794
CATATTCAGATATACG-1,2.281113,1.55652
CATATTCCAGACAAAT-1,1.1604304,2.974
CATATTCCAGCCACCA-1,0.9509847,2.1213095
CATATTCGTTCCATGA-1,4.971431,5.2778034
CATCCACTCATAACCG-1,2.3487322,1.6479988
CATCGAAAGCCAGGAT-1,1.4039465,-0.3728391
CATCGAAGTGGGTATG-1,0.65832555,1.832836
CATCGGGTCCGCGGTA-1,0.22181222,1.2322702
CATCGGGTCGAGAGCA-1,2.168583,1.2527629
CATCGGGTCTACCTGC-1,1.1534804,0.073708296
CATGACAAGAACAATC-1,3.3327708,4.3484244
CATGCCTCACTCAGGC-1,0.719766,2.2601643
CATGGCGCACTACAGT-1,2.1354084,-0.13748476
CATGGCGGTGAGTGAC-1,4.106153,4.8055396
CATGGCGTCGAGAACG-1,1.7252876,2.0167751
CATTATCAGGTCGGAT-1,3.3514092,0.6650376
CATTATCGTCCGAACC-1,2.8908474,2.817809
CATTATCGTTAAAGTG-1,0.6881691,1.213678
CATTATCTCTTCATGT-1,1.9162633,2.064844
CATTCGCAGATATGGT-1,2.8145778,-0.51423985
CATTCGCAGTACGTTC-1,4.151726,4.6597924
CCAATCCAGATCGGGT-1,2.612136,0.5670206
CCAATCCTCGGCGGTT-1,0.62968636,-0.667241
CCAATCCTCGGTCTAA-1,0.7099379,1.961679
CCAATCCTCTACCTGC-1,2.545421,3.770926
CCACCTAAGAGTAATC-1,0.16876167,2.18811
CCACCTATCATCGATG-1,1.7329854,-0.8680457
CCACCTATCCTCATTA-1,0.2846357,2.2060964
CCACGGATCATTTGGG-1,2.0380738,3.0748532
CCACGGATCCGTACAA-1,3.509433,4.4884315
CCACGGATCTTCCTTC-1,1.8224374,0.5742373
CCACTACCAAGGACTG-1,0.7090462,2.5961444
CCAGCGAAGAAACCTA-1,2.0269005,-1.116891
CCAGCGAAGAGTACAT-1,0.93193626,0.41462842
CCAGCGAAGTGGACGT-1,2.0645585,0.34295332
CCATGTCAGGAATTAC-1,2.407953,0.514546
CCATGTCCAGCATACT-1,0.94526947,2.9079413
CCATGTCGTGTCGCTG-1,1.9695598,1.5430461
CCATGTCTCCACTCCA-1,2.9448724,0.7068768
CCATGTCTCCATTCTA-1,2.8859067,-0.5881155
CCATGTCTCTGATTCT-1,1.7446108,-0.5034068
CCATGTCTCTGGTTCC-1,2.2723532,1.2439528
CCATGTCTCTGTCTAT-1,1.7032084,1.8744658
CCATTCGAGTCGCCGT-1,1.3590376,0.9415948
CCCAATCAGGAGTAGA-1,2.5403578,2.980281
CCCAATCAGTTCGCGC-1,1.4023002,2.4978986
CCCAATCCATCGGACC-1,1.3275236,-0.94170564
CCCAATCTCTGGCGAC-1,2.6685364,1.4774244
CCCAATCTCTGTTTGT-1,0.7351768,0.0031348434
CCCAGTTAGGTCGGAT-1,1.1329216,3.0876248
CCCAGTTCACGGATAG-1,1.0790337,1.0219244
CCCAGTTCAGCTGTGC-1,0.650987,3.7622223
CCCATACAGAGAACAG-1,2.6052406,3.2508376
CCCATACCAAGGTGTG-1,1.2709688,0.10701051
CCCATACCAATGCCAT-1,1.9082904,0.46803716
CCCTCCTAGCTCAACT-1,1.6387563,0.59787697
CCCTCCTCATACAGCT-1,2.4365842,3.4141035
CCCTCCTGTGATAAAC-1,0.1455294,1.2627274
CCCTCCTGTGCGGTAA-1,2.7040908,2.636783
CCCTCCTTCAGAGGTG-1,1.3426563,1.1336272
CCGGGATAGTGTGGCA-1,1.0805955,-0.5425818
CCGGGATCAATGGAAT-1,0.8542395,-0.52085686
CCGGTAGAGAAGGCCT-1,2.7063377,2.139844
CCGGTAGAGACAGACC-1,2.038351,2.373995
CCGGTAGTCCTGCTTG-1,1.608933,1.6440946
CCGTACTAGGACATTA-1,0.5217141,3.3854103
CCGTACTCAGGCTCAC-1,3.480489,4.223762
CCGTGGAAGTTATCGC-1,3.513243,-0.14134511
CCGTGGACAAGTCATC-1,3.8913033,4.8070045
CCGTGGACATCCGTGG-1,0.49259114,0.10462445
CCGTGGAGTGATGATA-1,2.7160156,0.68626606
CCGTTCAAGATCCTGT-1,1.5410655,1.7030566
CCGTTCAGTAGCGTGA-1,3.3817475,-0.30816197
CCTAAAGTCCTTGGTC-1,2.2907135,-0.87513345
CCTAAAGTCTCTTGAT-1,3.248617,1.9304833
CCTACACCATGGATGG-1,3.3374834,4.6739535
CCTACACTCGGAAATA-1,1.125589,-0.0019027151
CCTACCATCAGCTGGC-1,2.4117284,4.111386
CCTACCATCCTGTACC-1,2.464672,3.2571886
CCTAGCTGTCCGTGAC-1,3.2375944,-0.04700318
CCTAGCTGTTCACCTC-1,1.7131972,-0.27903998
CCTATTATCAAACCAC-1,2.685788,-0.45498908
CCTATTATCCCAACGG-1,3.7351415,1.4567336
CCTCAGTTCCTGCTTG-1,2.0523005,2.9153225
CCTCTGAAGCGCTTAT-1,1.2385352,3.7611883
CCTTACGAGGCCCTTG-1,2.0251079,-0.9879261
CCTTCCCAGAGCCCAA-1,3.1112912,4.6077943
CCTTCCCCACCAGATT-1,1.8885728,2.1006043
CCTTCCCCATAAAGGT-1,0.41375655,2.055576
CCTTCCCTCGCGTAGC-1,1.1963438,0.021646878
CCTTCGACAGCTCCGA-1,4.309583,4.6575894
CCTTCGAGTTTGTTTC-1,4.795477,5.310158
CCTTTCTCATCTCCCA-1,1.7706625,3.6245384
CGAACATTCGCGTAGC-1,1.8100288,0.34045056
CGAATGTAGTCCCACG-1,3.0247931,1.7845154
CGAATGTAGTTCGATC-1,0.3630391,0.4141568
CGAATGTCAATTGCTG-1,1.8947637,-0.636447
CGAATGTCATGCCCGA-1,2.8770924,0.9631015
CGACCTTCATGCTGGC-1,0.7382018,1.4077204
CGACTTCAGCAGATCG-1,2.4176834,-0.61664784
CGACTTCAGTACACCT-1,1.3149734,2.8903685
CGACTTCAGTGTACCT-1,1.6786951,3.3840292
CGACTTCCACAGACTT-1,1.8830932,1.5856694
CGACTTCCAGATTGCT-1,2.7936356,3.0889032
CGACTTCTCGGAGGTA-1,2.7451081,-0.14731885
CGACTTCTCGTGGACC-1,1.4124513,0.6792785
CGAGAAGCACAACGCC-1,1.2636818,3.2436588
CGAGAAGTCAAAGTAG-1,1.6416807,3.1474972
CGAGAAGTCGGAAACG-1,0.6407669,-0.9014063
CGAGAAGTCGTGGGAA-1,3.2018166,-0.33828384
CGAGCACCATCGATTG-1,1.1634377,-0.81435317
CGAGCACTCCGTTGCT-1,2.059739,-0.9484895
CGAGCCAAGTTAAGTG-1,1.9109442,0.1393638
CGAGCCACAGGTGCCT-1,2.4789166,0.4032971
CGAGCCAGTCGCGAAA-1,0.56578255,1.037456
CGAGCCAGTCTAGGTT-1,0.71404976,1.1529055
CGAGCCATCGTAGGAG-1,1.3934886,-0.60910064
CGAGCCATCTTACCTA-1,3.2517424,0.10679354
CGATGGCCAGGGTATG-1,4.8680735,4.468115
CGATGGCGTACATGTC-1,4.422982,4.762146
CGATGGCGTGCGGTAA-1,2.4197814,-0.8742312
CGATGTACATTCGACA-1,1.8938842,3.1357958
CGATGTATCGAATGGG-1,1.6302465,-0.8947117
CGATTGAAGACCTTTG-1,0.39925313,-0.4119947
CGATTGACATCCTAGA-1,1.154136,1.9383373
CGATTGACATCGATGT-1,1.3347477,-0.34019387
CGATTGAGTGCGATAG-1,2.061,1.3341104
CGATTGATCAAGCCTA-1,1.4177032,-0.413718
CGCCAAGAGAGTACCG-1,1.2828405,0.047253225
CGCCAAGAGGCCCTTG-1,1.8637794,3.7242708
CGCCAAGCAACACCCG-1,2.8053467,-0.08015459
CGCCAAGCAAGCTGTT-1,0.9539046,-1.0073318
CGCCAAGCATGTCGAT-1,0.76139426,1.9584635
CGCCAAGGTTATTCTC-1,1.4713832,2.9436815
CGCGGTAAGCTACCTA-1,1.9728515,0.23137364
CGCGGTAGTTGTGGCC-1,4.8485503,4.461873
CGCGTTTCACTTACGA-1,2.025337,1.0556954
CGCGTTTGTTCCGGCA-1,2.703669,1.7838596
CGCTATCAGTAATCCC-1,0.4094575,0.09048993
CGCTATCCAGCCAATT-1,0.4966526,2.4741907
CGCTATCGTCAGCTAT-1,1.3661275,2.7984784
CGCTGGACATCCGCGA-1,2.0074127,3.817343
CGCTGGAGTAAATGTG-1,1.5761967,1.8120112
CGCTGGAGTGACGGTA-1,0.51593703,2.7937346
CGCTTCAAGACAATAC-1,0.8159757,-0.94668007
CGCTTCAAGTAGGTGC-1,2.0652144,2.9028552
CGCTTCATCTTTACGT-1,4.867795,4.8176575
CGGACACCAAGCGCTC-1,3.1492686,1.8150479
CGGACACCAGTCTTCC-1,3.4436593,2.508255
CGGACACTCGGATGGA-1,0.91969156,1.0137985
CGGACACTCGGCGGTT-1,1.7053751,0.77175826
CGGACGTAGGCATGGT-1,1.6438485,1.9021387
CGGACGTAGTTACGGG-1,2.865311,2.3538833
CGGACTGGTGGTCTCG-1,2.1772938,3.3559377
CGGACTGTCAATAAGG-1,2.838214,1.0382464
CGGAGCTCAAGACACG-1,0.5734439,0.1732278
CGGAGCTCATTCTTAC-1,3.0616581,-0.054309506
CGGAGTCAGCGACGTA-1,5.142244,4.9902906
CGGAGTCCATCACAAC-1,1.3615372,2.396651
CGGCTAGAGCGAGAAA-1,2.5501513,-0.01299365
CGGCTAGAGTAGATGT-1,2.9209905,0.5100128
CGGCTAGCACGCATCG-1,1.2971711,3.3518379
CGGGTCAAGAAACCGC-1,1.761139,1.0733192
CGGGTCAAGGTGCTTT-1,1.5935796,0.37558168
CGGTTAAAGCGATATA-1,0.8974115,1.3224592
CGGTTAACACGGATAG-1,2.4482596,1.7677034
CGTAGCGCAACTGCGC-1,3.2571325,4.7340693
CGTAGCGCACCCATGG-1,2.0628197,-0.13820761
CGTAGCGGTCATTAGC-1,0.25195915,1.8705373
CGTAGCGGTTACGCGC-1,0.70246875,3.2005918
CGTAGGCAGGAACTGC-1,5.4655714,5.1822224
CGTAGGCAGGTGCACA-1,3.5450373,4.53379
CGTAGGCCACGGCGTT-1,1.4748574,0.4829826
CGTAGGCGTTCACGGC-1,1.4124641,-0.25988692
CGTAGGCTCACTGGGC-1,0.010177588,1.1525493
CGTAGGCTCCACGTTC-1,1.0917985,1.598184
CGTCACTAGCTCCTCT-1,0.9941879,-0.7981475
CGTCACTCATGCTGGC-1,1.8380325,2.657602
CGTCACTGTATCGCAT-1,1.9353453,-0.6383333
CGTCACTTCTAACTCT-1,3.691948,0.51149905
CGTCAGGAGAGTGACC-1,0.6785641,1.3750244
CGTCAGGAGGGCATGT-1,2.0247107,1.1558824
CGTCCATAGGTGATTA-1,1.665101,0.10388237
CGTCCATCACGCTTTC-1,0.36738184,1.2363083
CGTCCATCATTCACTT-1,0.76054466,3.1682487
CGTCCATGTGCAGACA-1,0.44710475,2.8102133
CGTCCATTCTATCCCG-1,1.6479815,1.7171094
CGTCTACAGGCTAGGT-1,2.0565252,1.0194006
CGTCTACAGTGGTAGC-1,5.3853927,4.7534237
CGTCTACCAGCGTCCA-1,3.3517768,4.568776
CGTCTACCATGCTAGT-1,3.2616298,0.24155957
CGTGAGCAGGAGTTGC-1,2.3787932,2.0153153
CGTGAGCCAGGGAGAG-1,3.274993,3.8611865
CGTGAGCCAGTATAAG-1,1.9241395,3.5209935
CGTGTAAAGTTGTAGA-1,0.7580112,2.2818193
CGTGTCTCACAACGCC-1,2.3689206,-0.35469568
CGTGTCTCACATTTCT-1,1.240318,-0.30286023
CGTGTCTCATCCGCGA-1,4.684831,5.0294333
CGTGTCTGTTAAGTAG-1,0.5309229,0.5830108
CGTGTCTTCGTCTGAA-1,1.7521418,0.21150886
CGTTAGAAGGAGCGTT-1,0.5910885,-0.13156101
CGTTAGACAATAGCGG-1,1.6980865,1.2423049
CGTTCTGAGTAAGTAC-1,1.3789515,-1.1532674
CGTTCTGCACCGAAAG-1,2.543747,-0.7735595
CGTTCTGCACGTGAGA-1,2.17998,-0.17254303
CGTTCTGGTATGAAAC-1,3.428293,1.1159135
CGTTCTGTCGCCTGTT-1,2.1743925,3.674783
CGTTCTGTCTTGCAAG-1,2.00164,2.8376558
CGTTGGGAGCAATCTC-1,1.2732377,-0.5565779
CGTTGGGAGGCTAGGT-1,5.1360188,5.0019093
CGTTGGGAGTATTGGA-1,0.4343045,0.7017741
CGTTGGGCACAACTGT-1,3.2728264,-0.3795279
CGTTGGGCATTCTTAC-1,1.0538753,3.517366
CTAACTTAGGATCGCA-1,0.33656442,2.6563313
CTAACTTCAAGTAATG-1,1.778441,2.9546652
CTAACTTCACGCATCG-1,5.1501393,4.7213807
CTAAGACAGCCAACAG-1,1.0877782,0.275783
CTAAGACTCAATACCG-1,0.9414165,-0.3620772
CTAAGACTCGCATGAT-1,2.5374484,0.3470431
CTAATGGCATCACGTA-1,2.5249324,2.2567708
CTAATGGTCAGTTGAC-1,0.7565196,3.1004896
CTAATGGTCGTTGCCT-1,0.944078,0.52105147
CTACACCAGGGCTCTC-1,0.049013585,0.8390112
CTACACCCAATGGAGC-1,0.42291078,2.842074
CTACACCCAGTATGCT-1,2.4230886,0.0716503
CTACACCGTGCAACGA-1,3.6440873,1.0908239
CTACACCGTGGTGTAG-1,2.2680147,3.3445973
CTACCCAGTCCGAGTC-1,0.7633065,2.8766477
CTACGTCAGGAGCGTT-1,2.6331599,-0.074647345
CTACGTCGTACACCGC-1,3.6001022,4.778969
CTACGTCGTGTGTGCC-1,1.384105,3.0854042
CTACGTCTCGAATCCA-1,0.704167,3.1667683
CTAGAGTAGAAGGTTT-1,2.098154,-0.9293218
CTAGAGTAGAGCTTCT-1,1.7505348,3.3902473
CTAGAGTTCCAAACAC-1,2.785313,4.382774
CTAGAGTTCTTCCTTC-1,1.6671699,2.2292936
CTAGCCTAGAGGACGG-1,2.4047399,0.9635982
CTAGCCTCATACTCTT-1,0.8784227,2.6737545
CTAGTGAAGGATGCGT-1,1.7045246,2.6764889
CTAGTGAAGTTGAGAT-1,4.723433,4.351039
CTAGTGAGTCTAACGT-1,2.1405156,3.327687
CTAGTGAGTGTGCGTC-1,3.845575,1.2662686
CTCACACCACGTAAGG-1,0.6708811,1.6479006
CTCACACGTAATCACC-1,0.61732185,-0.52003723
CTCAGAACACATCCGG-1,0.68063915,-0.7204207
CTCATTACAATCACAC-1,2.8934188,1.0989532
CTCCTAGCAAACGCGA-1,0.26423967,1.956234
CTCCTAGCATCAGTCA-1,0.1945235,-0.43087402
CTCGAAAAGGGCTTGA-1,2.4153216,-0.10869938
CTCGAAACAGCCTATA-1,0.55132747,0.16932468
CTCGAAAGTATATCCG-1,3.0785496,0.44498432
CTCGAGGGTCTACCTC-1,3.5309627,4.9762216
CTCGGAGCAACGATGG-1,1.8560185,-0.17455582
CTCGGAGGTGCTGTAT-1,2.36182,-0.55899817
CTCGGGATCAGTCCCT-1,0.936202,1.4573675
CTCGTACAGATCTGAA-1,2.4364936,3.430421
CTCGTACGTAATAGCA-1,0.42797768,3.257112
CTCGTACGTAGCCTCG-1,3.059809,3.4594922
CTCGTACTCCCTCAGT-1,2.82954,0.058576666
CTCGTCAAGATATGGT-1,2.1225045,-0.31856862
CTCGTCAAGGCTATCT-1,1.1359414,1.7410686
CTCGTCACAGGAATCG-1,1.3335682,-0.17960545
CTCGTCAGTGGAAAGA-1,0.6885119,1.5080938
CTCGTCAGTGTGAAAT-1,2.3519435,2.4447274
CTCGTCATCAACCATG-1,2.0492744,2.854205
CTCGTCATCAACGGGA-1,1.6331978,-0.6633091
CTCGTCATCGCCTGAG-1,0.5515362,2.4111388
CTCTAATAGGTCATCT-1,0.38744313,0.76636755
CTCTAATAGTGCCAGA-1,1.2856604,2.4307911
CTCTAATGTAATCACC-1,2.5367105,-0.27092972
CTCTAATGTTGAGGTG-1,1.7683458,0.14439923
CTCTAATTCTCTTGAT-1,0.38682222,1.8537573
CTCTACGAGATGTAAC-1,2.285153,0.7866412
CTCTACGAGCAGCCTC-1,2.7770357,0.4770878
CTCTACGAGCGTTCCG-1,2.202326,2.2667654
CTCTACGCAGGGTTAG-1,1.0864002,1.9389539
CTCTACGTCGAATGGG-1,5.0884905,4.924819
CTGAAACAGTAGTGCG-1,2.2237039,1.4456319
CTGAAACCATCACGAT-1,2.6403496,3.0000315
CTGAAGTAGAAACGCC-1,1.5098523,0.60811013
CTGAAGTCAAAGTCAA-1,1.9102817,2.598638
CTGAAGTCACCGAATT-1,1.1607263,-0.1620021
CTGATAGGTATTACCG-1,1.9426489,2.8817208
CTGATAGGTCGGCTCA-1,5.396334,4.9772944
CTGATCCAGCGTCTAT-1,0.3933028,1.5792276
CTGATCCCAATGAAAC-1,-0.24057005,2.067915
CTGATCCTCTGGTATG-1,2.6130857,3.144635
CTGCCTAAGCGTCAAG-1,0.99208987,1.3236436
CTGCCTACAGTGAGTG-1,1.3047425,2.4131775
CTGCCTATCCGCGTTT-1,1.4748449,-0.6687901
CTGCGGAGTCGAGTTT-1,1.7540897,-0.71436626
CTGCGGATCTTAGCCC-1,1.6320162,2.3314075
CTGCTGTGTATTCGTG-1,0.739932,2.801386
CTGGTCTCATAGGATA-1,0.94137716,-0.91286296
CTGGTCTCATCGATTG-1,2.9926348,3.990308
CTGTGCTAGGAGTTTA-1,5.413204,4.9466057
CTGTGCTAGTTGTAGA-1,2.3568506,-0.62592053
CTGTTTAAGTGACTCT-1,2.0566764,-0.8936806
CTTAACTAGGACTGGT-1,2.2777526,2.060404
CTTAACTCAATGTAAG-1,5.1816235,5.032768
CTTAACTGTAGGAGTC-1,2.752359,3.5191321
CTTAACTTCGCGTAGC-1,0.61262184,3.5870836
CTTACCGCAAAGTGCG-1,1.969093,-1.1383601
CTTACCGCAGCGTTCG-1,1.4083886,1.7879283
CTTACCGGTACTCAAC-1,3.280951,1.3637116
CTTACCGGTTAAGATG-1,1.0360287,2.2622836
CTTAGGACAGCCTGTG-1,1.0057983,-0.05972228
CTTAGGATCGTCGTTC-1,2.8977866,0.794602
CTTCTCTAGATCGATA-1,2.9733453,2.5255518
CTTCTCTGTGCGATAG-1,2.2996182,3.4144394
CTTGGCTGTCCCTTGT-1,1.3525882,2.9585412
CTTGGCTGTGATAAGT-1,3.3775048,-0.1980371
CTTGGCTTCGGAGGTA-1,1.0578307,2.056051
CTTTGCGAGGAGCGTT-1,4.3166103,4.5388546
CTTTGCGGTAGGCTGA-1,0.20853385,1.4570326
GAAACTCAGACAGGCT-1,1.5453385,2.2646983
GAAACTCCACGGCTAC-1,4.212858,4.8073325
GAAACTCTCTAACTTC-1,1.5160258,-0.59898996
GAAATGACAATGGATA-1,2.5469556,2.4937332
GAAATGACACAGGAGT-1,1.4556141,2.4371705
GAAATGACATGGGAAC-1,2.5205684,4.0951104
GAAATGAGTCACTGGC-1,0.98094815,3.427935
GAACATCAGGACTGGT-1,1.6804394,0.21678527
GAACCTAAGAGTAATC-1,1.8700728,1.51941
GAACCTACAGCTGCAC-1,0.8216602,3.2288294
GAACCTAGTAGGACAC-1,1.3076991,2.4932048
GAACGGACATGGTAGG-1,1.2092601,3.7648952
GAACGGACATGTCTCC-1,1.1899624,-0.69477093
GAACGGATCTTGAGAC-1,5.413884,4.9277844
GAAGCAGAGTGGACGT-1,1.3020549,3.072635
GAAGCAGCATGACGGA-1,1.2519974,1.8724177
GAATAAGAGCTCCTCT-1,1.4162585,-0.093980104
GAATAAGAGCTTTGGT-1,2.9976146,0.15883707
GAATAAGAGTGTACCT-1,1.6800659,-0.8537788
GAATAAGGTTTAAGCC-1,1.6726931,3.1749382
GAATAAGTCTCAAACG-1,0.9052323,3.4685376
GAATAAGTCTTGCCGT-1,2.5960643,-0.21803968
GAATGAAAGGGAACGG-1,2.261037,2.5517383
GAATGAAAGGGAGTAA-1,0.60327023,-0.93937254
GAATGAACAAGCTGGA-1,0.30524558,0.031607304
GAATGAATCTAACTCT-1,1.2620285,3.022996
GACACGCCAAGCCGCT-1,3.8627741,4.158802
GACACGCTCGTCCGTT-1,4.055379,4.3599243
GACAGAGCAAGTCATC-1,3.1355348,4.0308166
GACAGAGGTGGACGAT-1,4.4116178,4.317871
GACAGAGTCTGCAAGT-1,2.1588402,2.7424994
GACCAATAGTGTTTGC-1,2.3060005,3.5515602
GACCAATAGTTCCACA-1,2.1593654,1.9580175
GACCAATCACCGTTGG-1,0.5180064,1.4222481
GACCAATCATCAGTAC-1,0.88888884,0.5021248
GACCAATGTAGCACGA-1,2.2936053,-0.06758038
GACCAATTCATCACCC-1,0.7394897,-1.0712414
GACCAATTCCGATATG-1,2.5534003,4.294421
GACGCGTAGGCCCGTT-1,1.01422,2.0406406
GACGCGTGTCTTGATG-1,1.2563075,-1.1745248
GACGGCTAGACGACGT-1,1.4391146,3.6972837
GACGGCTGTTTCGCTC-1,2.0984423,0.00058738026
GACGTGCCAGTGACAG-1,1.3385233,3.5433998
GACGTTAAGAGCTGCA-1,3.1319826,1.0586525
GACTAACAGCTCCTCT-1,2.4108708,0.20500445
GACTAACAGTCTTGCA-1,2.768844,3.8895683
GACTAACGTGACTCAT-1,0.44834334,-0.5794744
GACTAACTCGGATGTT-1,0.6914398,2.8037984
GACTACAAGGGATCTG-1,0.6221778,1.5511123
GACTACACAAAGAATC-1,1.9460099,0.44821244
GACTGCGGTAGCGTAG-1,3.2098372,0.31668603
GACTGCGGTCACTTCC-1,1.9643079,2.0239003
GAGCAGAAGACTGGGT-1,1.539535,1.4934527
GAGCAGAGTTCTGAAC-1,1.632065,2.5150251
GAGCAGATCATCGATG-1,1.2768186,2.1847053
GAGCAGATCTGTTTGT-1,0.84744525,1.3784772
GAGGTGACAAGACGTG-1,1.3416075,0.04342738
GAGGTGAGTGATGTGG-1,3.6315224,0.50359285
GAGTCCGCACCACGTG-1,1.8189347,-0.57583636
GAGTCCGGTAGGCTGA-1,2.01603,3.7583358
GAGTCCGGTGAAAGAG-1,1.3271649,3.621624
GAGTCCGGTGCACGAA-1,1.0028033,-0.16686063
GAGTCCGTCACAAACC-1,1.394973,-1.1550978
GATCAGTAGCTATGCT-1,1.372024,2.1256804
GATCGATAGGGAAACA-1,1.4359921,2.9867914
GATCGATGTGTTGGGA-1,3.429967,2.0996153
GATCGATTCGGTTCGG-1,2.7142615,0.072373964
GATCGCGAGACAGAGA-1,3.0591006,3.4079337
GATCGCGCAATGAATG-1,2.1733973,0.82126766
GATCGCGCACCCATGG-1,0.06645621,0.27187464
GATCGCGTCTGATTCT-1,1.2960986,0.5380111
GATCGTATCCAGAGGA-1,1.2081127,2.8574893
GATCTAGCATTCGACA-1,2.0750995,0.7312264
GATGAAACAGCTCGAC-1,2.396452,-0.11210547
GATGAGGCAAGAAAGG-1,1.9263259,-0.80846995
GATGAGGCACTAAGTC-1,1.5443428,2.2582655
GATGAGGCAGGAACGT-1,5.44445,5.0622
GATGAGGGTACACCGC-1,0.47270158,-0.10133773
GATGAGGGTTACGACT-1,1.3322072,2.2437134
GATGCTAAGGCTACGA-1,4.370844,4.415235
GATGCTATCACAGGCC-1,2.1969373,3.4850783
GATTCAGTCATTGCGA-1,1.4969636,0.5120318
GCAAACTAGTGTGGCA-1,0.21699242,2.0105147
GCACATAAGATATGGT-1,0.44323745,3.0376828
GCACATAAGCAATATG-1,1.415677,-0.432175
GCACATAAGGGTCTCC-1,1.0294148,0.27224776
GCACATACATCAGTAC-1,1.1960416,-0.9791032
GCACATACATCGGTTA-1,0.92527515,-0.17186134
GCACATACATTGTGCA-1,1.4270194,-0.5452937
GCACATATCCCAGGTG-1,3.334676,0.61366296
GCACATATCCTTTACA-1,0.956689,2.8030503
GCACTCTAGCTGTCTA-1,0.25118986,1.5294563
GCACTCTGTTCGAATC-1,0.9281141,2.1310909
GCAGCCATCACTTATC-1,0.2563268,0.8090193
GCAGTTAAGGATGGAA-1,2.640249,0.9611578
GCAGTTAGTAAATACG-1,2.4998467,-0.75900346
GCATACAGTGGTACAG-1,0.1891681,1.2727545
GCATACATCACTCTTA-1,2.045311,2.1058943
GCATGATAGGACACCA-1,1.104095,2.939189
GCATGATAGTGGGATC-1,2.8694108,-0.7679651
GCATGATCACCGAATT-1,2.0024529,2.309583
GCATGCGTCTTCGAGA-1,0.7983668,-0.849482
GCATGTACAGTTCCCT-1,1.764146,0.42863435
GCATGTAGTAGCAAAT-1,3.3487425,4.1197367
GCATGTATCACCATAG-1,2.0485568,3.5245824
GCCAAATTCCTTCAAT-1,5.088655,5.2227235
GCCTCTACACAAGTAA-1,3.16717,1.4947131
GCCTCTAGTGACTACT-1,1.1545674,2.2675645
GCCTCTAGTGTGAAAT-1,0.7502051,0.13088684
GCGACCAAGAGTAATC-1,0.64044595,3.7107599
GCGACCACAAGAGTCG-1,2.2223406,1.5278614
GCGACCACACTGAAGG-1,2.6833944,2.416494
GCGACCACAGTCAGAG-1,2.0121481,3.30028
GCGACCAGTGGTACAG-1,1.7471479,-1.0485951
GCGACCATCAGGATCT-1,2.2820342,3.9086108
GCGACCATCGTCTGAA-1,1.2600482,2.2712958
GCGAGAAAGACAAAGG-1,1.1953158,0.36261475
GCGAGAAGTCCGTTAA-1,2.0841336,1.3970897
GCGAGAAGTTAAGATG-1,0.51469016,-0.65892583
GCGCAACTCTCACATT-1,3.1712976,1.7708286
GCGCAGTAGTCTCGGC-1,1.0440257,1.0116795
GCGCAGTCACTGTTAG-1,3.5184894,-0.16100115
GCGCAGTGTGATGATA-1,2.0675333,-1.1214622
GCGCCAAAGGTCGGAT-1,2.2478552,-0.9305461
GCGCCAAGTCTCCATC-1,3.4067528,0.8814881
GCGCCAAGTGTCCTCT-1,1.2912102,3.8380387
GCGCCAATCAGTCAGT-1,0.34724632,1.7939309
GCGCCAATCGGTTCGG-1,0.68256986,3.426819
GCGCGATGTTTGTGTG-1,1.0460765,1.1449525
GCGGGTTAGGCACATG-1,0.10562239,1.1455865
GCGGGTTCAAGTAATG-1,2.776022,4.2896786
GCGGGTTCATTTGCTT-1,0.7193615,3.4251468
GCGGGTTTCAACGAAA-1,1.3601611,0.1994972
GCGGGTTTCTTGAGGT-1,1.1367213,-0.36739892
GCTCCTAAGACACTAA-1,3.0044377,2.9247704
GCTCCTACACGGTGTC-1,2.8924387,0.5913097
GCTCCTATCTCGTATT-1,2.301138,3.6273944
GCTCCTATCTGTCTCG-1,1.6410192,0.50529206
GCTCTGTCAAGGACAC-1,1.8242338,-0.6962396
GCTCTGTTCGTCACGG-1,2.4789946,2.1991615
GCTGCAGAGGGCATGT-1,2.1465242,-0.69143766
GCTGCAGGTCGTGGCT-1,1.0925488,2.3898466
GCTGCGAAGACCTAGG-1,0.42780918,0.84807396
GCTGCGAAGAGATGAG-1,1.1413976,2.90499
GCTGCGACACAGCGTC-1,3.3968747,1.0529866
GCTGCGACAGGCAGTA-1,1.2341032,3.2782693
GCTGCGATCTGTTTGT-1,1.3165029,1.5699166
GCTGCTTAGGGATCTG-1,0.6648204,2.477997
GCTGCTTCAGATCGGA-1,5.216281,5.1472464
GCTGCTTGTAGGGTAC-1,1.3088113,2.3441522
GCTGGGTCAAGGCTCC-1,0.5976801,0.7943365
GCTGGGTGTACCGGCT-1,5.434708,4.8381686
GCTGGGTGTTGTCTTT-1,1.1824524,1.6100293
GCTTCCACAAAGGAAG-1,1.4955859,1.3563648
GCTTGAAAGGCTATCT-1,2.0838106,2.1376958
GCTTGAAGTGTGAATA-1,1.2792624,-0.8357789
GCTTGAATCCGCATCT-1,4.3178535,4.4802737
GCTTGAATCCTTGACC-1,1.8078761,2.0121803
GCTTGAATCGCAAGCC-1,1.3875042,3.1379385
GGAAAGCTCACTGGGC-1,-0.177885,2.0301404
GGAACTTAGAGCAATT-1,1.7166792,4.040691
GGAACTTCAGGTGCCT-1,2.8624628,-0.007362983
GGAACTTTCACGAAGG-1,2.0710635,-0.2200509
GGAATAACAGGCAGTA-1,0.9305007,-0.5449672
GGAATAATCATGCAAC-1,1.0994207,3.2023184
GGACAAGAGGGTATCG-1,2.6089358,3.640468
GGACAAGGTATTCGTG-1,0.55767256,2.7230442
GGACAAGGTGGCTCCA-1,0.57641673,0.3640933
GGACAAGTCAACGGCC-1,2.4066243,-0.5107255
GGACAGAAGGGAAACA-1,3.3421369,1.9681664
GGACAGACAATGGATA-1,1.0214834,-0.42563647
GGACAGACACCGATAT-1,0.97440904,0.91301906
GGACAGACAGGTTTCA-1,1.3492295,-0.44324064
GGACATTCATATACGC-1,0.5286396,1.8881428
GGACGTCAGAATAGGG-1,0.3342389,2.2910123
GGACGTCAGAGTTGGC-1,2.0705717,3.0240095
GGACGTCAGCGACGTA-1,1.9212126,0.8608721
GGACGTCAGTATCTCG-1,3.1583285,-0.3615561
GGACGTCCATTAGCCA-1,3.9059112,4.489649
GGACGTCGTGAGGGTT-1,1.0123199,1.2041137
GGAGCAATCATTGCCC-1,2.251149,-0.55529183
GGATGTTAGCTATGCT-1,2.073518,3.871756
GGATGTTCAATCGGTT-1,1.9514005,2.9278746
GGATGTTCACGCCAGT-1,2.2708793,-0.8072083
GGATGTTGTATAATGG-1,2.6005545,3.930086
GGATTACAGTGATCGG-1,1.3035649,3.5248516
GGCAATTCACCAGCAC-1,4.7254133,4.9451494
GGCAATTCATTGAGCT-1,0.64478725,0.72948056
GGCAATTTCCAGTAGT-1,1.8257097,3.001654
GGCCGATAGGACCACA-1,1.0435907,3.6149862
GGCCGATCAATGGTCT-1,1.6706144,0.24884906
GGCCGATCAGGTGGAT-1,0.9863881,3.0567548
GGCGACTTCTTGAGGT-1,3.237729,3.3185318
GGCGTGTCAGTATAAG-1,3.2003093,1.4980347
GGCGTGTCATTTGCCC-1,0.94074595,3.1762507
GGCGTGTGTATTCTCT-1,1.4889506,-1.0892042
GGCGTGTTCATGTGGT-1,3.0535824,4.610149
GGCTCGAGTCTAGTGT-1,0.615925,-0.63241565
GGCTGGTAGCGTGTCC-1,0.8044043,2.9767854
GGCTGGTGTAGAGGAA-1,1.4666208,2.3759503
GGCTGGTGTTAGAACA-1,1.5546311,3.4031708
GGGACCTAGCCTATGT-1,1.4586451,2.0023446
GGGACCTCACCCAGTG-1,1.9395163,3.8419023
GGGACCTGTCAGGACA-1,2.968314,1.5807815
GGGACCTGTGTGACGA-1,1.9887407,-0.7290714
GGGAGATCAGTATCTG-1,2.7976246,3.5559804
GGGATGAGTTCCACTC-1,2.2875574,0.2634198
GGGCACTGTGGTCTCG-1,4.221952,4.5082684
GGGCATCCAACGCACC-1,3.162958,3.0569742
GGGCATCCACCAGGCT-1,0.6989347,-0.5207405
GGGCATCCAGTGAGTG-1,2.2369537,-0.6476289
GGGCATCTCCTCAATT-1,1.60147,2.5233989
GGGTCTGAGATACACA-1,2.6236243,1.4142739
GGGTCTGAGGAATTAC-1,2.0948317,3.1826642
GGGTCTGAGTCTCAAC-1,2.0441566,2.8842149
GGGTCTGGTCGGCACT-1,3.1994948,4.7723966
GGGTTGCCAATGAATG-1,2.340427,-0.35313973
GGTATTGTCTTGAGAC-1,2.1402311,2.4438288
GGTGAAGCAACGATCT-1,2.1115518,1.6986676
GGTGAAGGTAAAGGAG-1,0.7510345,-0.73753357
GGTGAAGGTTTGTTTC-1,0.734793,-0.5451495
GGTGCGTAGTCGAGTG-1,2.048215,3.4863296
GGTGCGTGTGGGTCAA-1,2.36616,1.7047696
GGTGCGTGTTCACGGC-1,1.464817,1.2848394
GGTGCGTTCATCGGAT-1,2.5574496,3.6872828
GGTGCGTTCCCTCAGT-1,2.742918,1.6398356
GGTGCGTTCTGGAGCC-1,0.92084855,2.6066442
GGTGTTACACAGAGGT-1,1.1188036,1.7117776
GGTGTTATCCAACCAA-1,0.3789185,-0.9303281
GTAACGTAGACTAAGT-1,3.2322602,2.5668933
GTAACGTCAATCCGAT-1,4.245929,4.7815
GTAACGTCAGTCAGCC-1,2.5290372,1.5389061
GTAACTGCAAGTTCTG-1,3.2873034,3.6893792
GTAACTGCACACAGAG-1,2.4519684,1.0381866
GTAACTGTCAACGCTA-1,1.4556671,3.167707
GTAACTGTCGATGAGG-1,0.27499256,0.77192396
GTACGTAAGACTTTCG-1,0.44022673,2.228326
GTACGTAGTCTTCGTC-1,0.6164209,-0.0027693482
GTACTCCTCTGGTATG-1,1.0337232,3.4438398
GTACTTTAGCCAACAG-1,2.8664572,1.4975294
GTACTTTAGGTTACCT-1,2.1538289,1.7379152
GTAGGCCGTGAAGGCT-1,1.7350286,0.07949521
GTAGGCCTCTCTAAGG-1,3.0260985,1.8643396
GTAGGCCTCTTGCAAG-1,2.60335,2.4222162
GTAGTCAAGATCGGGT-1,1.4583375,2.507507
GTAGTCACAGAGTGTG-1,0.6998432,3.650924
GTATCTTAGAGTTGGC-1,2.7025068,-0.37420976
GTATCTTAGTCATCCA-1,4.2247024,4.463747
GTATCTTCAAGGCTCC-1,0.7619075,0.51928467
GTATCTTCATGCATGT-1,2.4183888,1.3593285
GTATCTTGTCTTTCAT-1,0.16830347,2.7983928
GTATTCTAGCTGCGAA-1,0.7700386,0.7648966
GTATTCTAGTGTACTC-1,1.3880175,-0.8180209
GTATTCTCACATCCGG-1,1.8898027,3.8597026
GTCACAATCTCAAACG-1,1.5676166,-0.86908716
GTCACGGAGTGAAGAG-1,1.663789,-0.14776528
GTCACGGTCATCTGCC-1,2.2124758,0.43341222
GTCATTTGTAAACACA-1,0.9943915,0.24777117
GTCATTTTCACGACTA-1,0.3446244,-0.117105745
GTCCTCACACAGGTTT-1,2.5630093,3.5469077
GTCGGGTAGGCTATCT-1,3.4187481,0.5017407
GTCGGGTAGTCGTTTG-1,1.2756412,0.17307611
GTCGGGTCACCAGTTA-1,4.0102677,3.926645
GTCGGGTCATGCCCGA-1,1.4011146,0.23171295
GTCGGGTGTTTGACTG-1,2.3784487,0.8233638
GTCGTAAAGAATTGTG-1,1.7493922,1.4490672
GTCGTAAGTATCTGCA-1,1.9074455,-1.1650968
GTCTCGTCACCTCGGA-1,2.5179524,4.2568665
GTCTCGTGTAAGGGCT-1,1.7928658,0.39959303
GTCTCGTGTCAATGTC-1,1.8330549,0.14122455
GTCTTCGAGATTACCC-1,3.6159112,3.4831443
GTCTTCGGTGCAGTAG-1,1.0826129,-0.6447515
GTCTTCGGTGTTAAGA-1,0.82303065,2.245239
GTGAAGGAGCTATGCT-1,0.5368515,2.9647403
GTGCAGCCAAGCGATG-1,0.60959315,-0.5026288
GTGCAGCTCGAGCCCA-1,1.5559438,3.175795
GTGCATAAGAAGATTC-1,0.45909813,0.97486246
GTGCATACACAAGTAA-1,2.404742,2.197904
GTGCGGTGTCGGGTCT-1,1.650955,0.18916169
GTGGGTCAGGACACCA-1,0.85306066,-0.30845353
GTGGGTCCAAGGACAC-1,2.2685187,0.33710787
GTGTGCGAGCTTTGGT-1,0.531488,1.2496568
GTGTGCGCAATCAGAA-1,0.70215905,-0.9323272
GTGTGCGGTCGCATCG-1,2.3998418,3.3609664
GTGTTAGGTAAGGGCT-1,0.010093906,1.8222957
GTGTTAGTCCACGACG-1,0.7804312,2.6242912
GTGTTAGTCGAATGGG-1,1.4441478,2.7749228
GTTAAGCCAGATCGGA-1,2.2266831,2.9877105
GTTAAGCCATGCCCGA-1,0.8141339,0.10895746
GTTAAGCTCCGCATCT-1,1.3849471,0.6495534
GTTAAGCTCTCCTATA-1,0.5250742,-0.18401435
GTTACAGCACGTTGGC-1,0.7544804,3.381075
GTTACAGGTCGTGGCT-1,2.0911148,1.6630001
GTTACAGTCTACTTAC-1,1.7039839,3.5982344
GTTCATTAGCAGGTCA-1,2.9261565,-0.24641635
GTTCATTAGTCATCCA-1,2.9345875,3.716526
GTTCATTAGTGTCCCG-1,3.304446,3.6620355
GTTCATTGTAGTGAAT-1,2.8287978,1.9485068
GTTCATTTCTGATACG-1,4.3269763,4.622544
GTTCATTTCTTCATGT-1,2.2545338,3.0814798
GTTCGGGGTGGCTCCA-1,3.5765893,4.619729
GTTCGGGTCCACGAAT-1,3.9995806,4.7327294
GTTCGGGTCCTGCTTG-1,1.4519129,3.3331492
GTTCTCGAGTAGCCGA-1,0.53110456,1.6987219
GTTCTCGGTGTGAATA-1,4.3851495,5.026606
GTTCTCGTCTCGAGTA-1,1.56466,0.59901375
GTTCTCGTCTGTTGAG-1,4.894628,4.6058164
GTTTCTAGTGAGCGAT-1,1.5422854,0.7677622
TAAACCGTCGTAGGTT-1,0.84470254,-0.09041944
TAAACCGTCGTGGACC-1,0.483454,2.1098115
TAAGAGACATATACGC-1,1.0385079,3.5220523
TAAGAGATCCGTCAAA-1,3.6427834,4.446804
TAAGCGTGTAAATGTG-1,0.15298712,0.5683368
TAAGCGTTCTGCAAGT-1,1.2771751,1.2977023
TAAGTGCCAACACCCG-1,3.0433366,0.9463148
TAAGTGCTCGAATGGG-1,2.3708186,2.0545173
TACACGAGTGTAAGTA-1,1.4031464,3.060655
TACAGTGCAACTGGCC-1,3.378994,-0.19437271
TACAGTGCACATGTGT-1,3.3450377,1.1254793
TACAGTGCAGCGTTCG-1,4.6083264,5.1683574
TACAGTGGTCGAGTTT-1,3.0463765,-0.12067268
TACAGTGGTCTCTTTA-1,1.793227,2.408193
TACAGTGTCACGATGT-1,5.376925,5.0701632
TACCTATAGTCGATAA-1,0.61382765,3.2708745
TACCTATGTCAGCTAT-1,2.6815455,4.0103884
TACCTATGTTTACTCT-1,2.2244253,2.1307702
TACCTTATCACTTACT-1,1.5511403,3.6362007
TACGGATAGCACAGGT-1,0.5935063,2.6721413
TACGGGCAGTCGTACT-1,1.1615285,0.03307664
TACGGGCCAGGTTTCA-1,3.13134,4.377852
TACGGGCGTTAAAGTG-1,1.5070076,-0.105969116
TACGGTAAGAACAATC-1,3.2748427,0.4263045
TACGGTAAGATCCCAT-1,1.5871049,3.761951
TACGGTAAGCACCGTC-1,0.90973526,-1.0365496
TACGGTACACGTCAGC-1,2.3171506,2.295564
TACGGTAGTTGTTTGG-1,3.1865537,0.10180992
TACGGTATCTGGGCCA-1,2.1658075,2.708347
TACTCATAGATGCCAG-1,1.7924535,-0.6520355
TACTCATAGGGATGGG-1,1.3658483,3.017914
TACTCATAGTTCGATC-1,0.67897785,3.167897
TACTCATGTCTAGTCA-1,0.27877787,3.1443017
TACTCATTCACGCATA-1,5.525144,4.998934
TACTCGCAGAGTACAT-1,3.013037,1.5199953
TACTCGCCAGCTCGCA-1,2.8501556,3.833087
TACTCGCTCTAAGCCA-1,1.4589843,2.3868084
TACTCGCTCTGTCCGT-1,1.750935,1.8799627
TACTTACAGTCAAGCG-1,3.3833508,0.8126402
TACTTGTCAAGGACAC-1,2.0885994,-0.28440398
TACTTGTCACACCGAC-1,1.6857262,-0.7918061
TACTTGTGTCTCGTTC-1,1.3997394,-0.50529164
TACTTGTTCACAACGT-1,1.6534051,-0.14931631
TACTTGTTCTTCAACT-1,3.5157032,2.0799668
TAGACCACAAACAACA-1,1.4449338,2.296197
TAGACCACACAGCCCA-1,2.197926,2.8210723
TAGAGCTAGCTGCCCA-1,3.295553,1.3053578
TAGAGCTCAGCGTTCG-1,5.0393753,5.2600727
TAGCCGGAGCATCATC-1,2.8611116,0.45263952
TAGCCGGCAGACTCGC-1,2.5908554,0.53360575
TAGCCGGCAGGAATCG-1,1.1722617,2.3870804
TAGGCATGTCTCTTTA-1,2.1161828,1.889351
TAGGCATTCAAGAAGT-1,1.2851158,0.6165573
TAGTGGTAGGCCCTTG-1,3.7862566,4.7489715
TAGTGGTAGTTTAGGA-1,3.301229,4.65606
TAGTGGTCAAGCTGGA-1,1.2934743,-0.7820111
TAGTGGTTCCCGGATG-1,2.7627823,0.30531377
TAGTTGGGTGAACCTT-1,2.2096775,0.44137114
TATCAGGAGAGTCGGT-1,1.5616028,3.0867987
TATCAGGCATTGGCGC-1,1.3098526,0.9045264
TATCAGGGTTCTCATT-1,1.4892758,2.4487977
TATCAGGTCGGCATCG-1,0.09988804,0.45335144
TATCAGGTCTTCATGT-1,2.6119156,0.09503918
TATCTCAGTTAAGACA-1,2.088945,-0.99555486
TATGCCCCAGGCGATA-1,0.91048354,2.3179548
TATGCCCGTGACCAAG-1,1.54197,0.3013352
TATTACCTCGGACAAG-1,2.8099332,2.2397718
TCAACGAAGCCAGGAT-1,3.1085825,3.6960807
TCAACGAAGGGATGGG-1,1.920847,2.226456
TCAACGAGTCTGGTCG-1,2.4908762,2.6705585
TCAATCTCATTGTGCA-1,2.1819968,-0.38456717
TCAATCTGTACAGACG-1,2.1383448,-1.0212173
TCAATCTTCAAAGTAG-1,2.0846255,2.6335654
TCACAAGAGGCCGAAT-1,1.2851624,2.4568548
TCACAAGAGTGGACGT-1,0.8760979,-0.3882009
TCACAAGGTGAAAGAG-1,1.9923276,3.0245945
TCACGAATCCACGAAT-1,1.1094867,0.95408046
TCACGAATCCTCAACC-1,4.8288918,5.0734396
TCAGATGAGCGTAATA-1,3.9433987,4.6350465
TCAGATGAGGCAAAGA-1,4.3958697,4.6969957
TCAGATGCACCACGTG-1,1.5568256,-0.5339208
TCAGATGGTGATGTCT-1,0.4714606,3.1382568
TCAGCAAAGGAATCGC-1,2.0384295,-0.54291457
TCAGCAATCACCATAG-1,3.7016556,4.375279
TCAGCTCCAAGTTGTC-1,0.15422602,0.5602094
TCAGGATAGCTGGAAC-1,2.493648,1.1107641
TCAGGATGTAGTACCT-1,1.36726,3.3860078
TCAGGTACATCGATGT-1,1.322198,2.5853312
TCATTACAGGGCATGT-1,0.48308215,1.8892943
TCATTACGTACGAAAT-1,1.1497067,3.3744817
TCATTACGTCCGCTGA-1,2.592062,4.2498126
TCATTACTCTGGTTCC-1,1.3204844,1.358995
TCATTTGAGTGTACTC-1,0.7146069,2.1331131
TCATTTGTCACTCCTG-1,5.166216,5.2089825
TCATTTGTCTCCCTGA-1,5.117359,4.9609714
TCCACACAGTACGTTC-1,1.3454424,1.8219373
TCCACACAGTCTCGGC-1,0.14083706,1.2925923
TCCACACGTGGGTCAA-1,0.3468239,0.85451585
TCCACACGTTTCGCTC-1,2.2921169,3.8656363
TCCCGATAGCCACCTG-1,5.2901926,4.8620157
TCCCGATCAGTTCATG-1,1.4723247,0.7772074
TCCCGATGTGCAGACA-1,1.0375335,-0.884383
TCGAGGCAGAAGGTGA-1,3.503089,0.8101134
TCGAGGCAGAATTCCC-1,1.4574993,3.72416
TCGAGGCGTAGCGCTC-1,5.3834634,4.8952556
TCGAGGCGTGTAAGTA-1,1.7969857,-0.55571955
TCGAGGCTCCGTCAAA-1,1.6514572,-0.93127877
TCGCGAGCACCACCAG-1,4.3507094,4.6377897
TCGCGAGCAGGACGTA-1,0.40730193,0.14340407
TCGCGAGCATTGGCGC-1,2.0674028,-0.092460334
TCGCGTTAGGAGTAGA-1,2.6184475,2.76189
TCGCGTTCATCGTCGG-1,1.7190633,-1.0918076
TCGGGACAGAGCAATT-1,1.3607706,2.5907447
TCGGGACCACTTACGA-1,1.1962504,3.5610821
TCGGGACGTGTTCTTT-1,2.473242,1.1400716
TCGGGACTCACGCATA-1,1.6493332,-0.896685
TCGGTAATCTCAACTT-1,1.817177,3.2205563
TCGGTAATCTCTGAGA-1,1.5861502,3.5517764
TCGTACCCACAGCCCA-1,1.0584656,2.2603338
TCGTACCGTGCACGAA-1,2.3999703,3.8372734
TCGTACCGTTCGTTGA-1,1.1442306,0.67024505
TCGTAGAAGAGGTAGA-1,0.27552968,0.69644666
TCGTAGAAGTGAATTG-1,1.9714376,-0.13424389
TCGTAGACAAAGTGCG-1,2.2655845,2.0923843
TCTATTGAGAGATGAG-1,1.6943694,2.6980925
TCTATTGAGCGGATCA-1,3.3749335,3.993642
TCTATTGTCAGGTAAA-1,3.256518,1.8609242
TCTCATACAAAGGTGC-1,0.4875587,2.756253
TCTCATAGTATAGTAG-1,3.6328955,1.1583889
TCTCATATCTCGATGA-1,0.92329866,-0.01017612
TCTCTAACAATGGAGC-1,0.70623755,0.7660653
TCTCTAACAGGTTTCA-1,1.9120708,1.8148756
TCTGAGAAGTTACCCA-1,1.7428218,2.947778
TCTGAGAGTACGAAAT-1,1.7893482,3.423602
TCTGAGAGTCACTGGC-1,1.7406645,3.6394768
TCTGGAACACAGACAG-1,0.48148748,-0.45428354
TCTGGAACACGACGAA-1,2.5606892,0.7994662
TCTGGAACAGCTGGCT-1,2.4852262,3.7792184
TCTTCGGAGGCGTACA-1,-0.02219137,2.6155005
TCTTCGGCATGAGCGA-1,0.6491459,0.74538654
TCTTTCCCAAGCCGCT-1,4.4358163,4.9172153
TCTTTCCTCGCGCCAA-1,1.2941239,2.228122
TGAAAGAAGGAACTGC-1,2.459968,0.819984
TGACAACAGCGTGTCC-1,2.042456,1.4018332
TGACAACCAAGCGTAG-1,3.6992445,4.593315
TGACAACTCTTACCGC-1,3.767989,4.126933
TGACGGCAGCTACCTA-1,0.9513998,2.9478533
TGACGGCAGGAATCGC-1,2.0271366,3.1820526
TGACGGCGTACGAAAT-1,2.9298506,4.189357
TGACGGCTCATGCTCC-1,4.214189,4.3665404
TGACTAGGTCGAAAGC-1,2.733318,4.3047457
TGACTTTGTAGAGCTG-1,2.0933347,3.012635
TGAGAGGAGCGTAGTG-1,0.37053636,1.721393
TGAGAGGAGGCGATAC-1,0.98384523,0.8314243
TGAGAGGCACAACGTT-1,1.6329645,3.2604082
TGAGAGGCAGACACTT-1,3.2395191,0.7275122
TGAGAGGCAGACTCGC-1,2.9499192,3.741177
TGAGAGGGTTTAAGCC-1,2.686191,3.8026218
TGAGCATAGCTAGGCA-1,2.1752448,1.3424802
TGAGCATAGCTGTCTA-1,3.327971,4.71507
TGAGGGACAGTTAACC-1,1.3272756,0.6817888
TGATTTCAGCGTCTAT-1,1.7487762,2.607087
TGATTTCTCCAACCAA-1,0.7547726,-0.22676726
TGCACCTAGACAATAC-1,-0.17582184,1.8936727
TGCCAAAAGAATCTCC-1,0.005436961,0.13102883
TGCCAAAGTTCCACTC-1,0.7942279,-0.7771548
TGCCCATAGCATGGCA-1,4.0559564,5.0890627
TGCCCATCACAGACTT-1,1.2854627,2.9234552
TGCCCATTCAGAGGTG-1,3.3622048,0.39817092
TGCCCATTCCTGTAGA-1,2.5130694,2.7631652
TGCCCATTCGGTCTAA-1,4.745574,5.1703835
TGCCCTAGTACGAAAT-1,2.4021182,3.5948684
TGCCCTATCAACGGGA-1,0.8323142,0.7981957
TGCGCAGCATCTCCCA-1,1.8896816,-1.027115
TGCGCAGGTCGGCTCA-1,0.8587624,3.260493
TGCGCAGTCTCGTATT-1,3.1906788,0.27233934
TGCGCAGTCTTACCGC-1,2.4226522,4.0949345
TGCGGGTAGTGATCGG-1,2.8975036,1.836738
TGCGGGTGTAGCGTAG-1,1.2009763,1.4995041
TGCGGGTTCTGGTGTA-1,2.2659502,1.8975126
TGCGTGGCAGAAGCAC-1,1.9512937,0.042277277
TGCGTGGCATGCCCGA-1,2.4243195,0.7516989
TGCGTGGGTATTCGTG-1,3.6025162,4.2855816
TGCGTGGTCGATAGAA-1,1.4484264,2.704599
TGCTACCAGGATATAC-1,1.4718204,0.052907117
TGCTACCCACCAGGTC-1,2.0988972,3.2544496
TGCTACCGTACATCCA-1,4.9328723,4.8232646
TGCTACCGTCGAACAG-1,0.9545549,2.697153
TGCTGCTCAGTATAAG-1,0.78128046,2.2208605
TGGACGCAGACGCACA-1,3.2847295,4.659106
TGGACGCAGGACTGGT-1,1.8222182,1.602013
TGGACGCCACCGAAAG-1,1.0596248,2.51748
TGGACGCGTAGCCTAT-1,2.229179,3.2502
TGGACGCGTCACTTCC-1,0.73688847,-1.0007807
TGGACGCGTCCAACTA-1,3.9758918,4.807511
TGGACGCTCATCGGAT-1,0.83480775,-0.7655259
TGGCCAGAGATGAGAG-1,0.59139425,2.2324698
TGGCGCACACGGTAGA-1,1.9388667,0.7231955
TGGCGCACAGCCTTGG-1,3.03014,-0.091987126
TGGCGCACATGTTGAC-1,1.4426163,-0.79798913
TGGCTGGGTCCCTTGT-1,1.6974223,0.7939752
TGGCTGGTCCGCATCT-1,1.8460552,-0.6527828
TGGGAAGGTCAATACC-1,2.8303702,0.3767144
TGGGAAGGTCACTTCC-1,2.6705368,0.11991262
TGGGCGTCACAAGTAA-1,2.7224226,0.19476257
TGGTTAGAGGGCTTCC-1,0.4722025,2.645036
TGGTTAGAGTCCTCCT-1,1.7199198,1.3602778
TGGTTAGCAGGGTTAG-1,1.3697208,-0.8260638
TGGTTAGCAGTAGAGC-1,2.9481983,1.086086
TGGTTCCCAGTAGAGC-1,2.0956786,-0.38072973
TGGTTCCGTGTGGTTT-1,0.7717963,3.1550968
TGTATTCAGAGCAATT-1,1.5533447,0.23545109
TGTCCCAAGAGCCCAA-1,3.6509552,4.5790195
TGTCCCAGTCAATGTC-1,2.6806188,0.13377035
TGTCCCAGTTCGTTGA-1,1.2574584,1.0511353
TGTCCCATCTATCCCG-1,4.1274924,4.8857408
TGTGGTACAGAGCCAA-1,2.4623666,1.5811387
TGTGGTACATCCAACA-1,3.3311007,0.4989006
TGTGGTAGTCGCGTGT-1,2.5372097,1.8140421
TGTGGTATCATCGCTC-1,1.8579371,2.329479
TGTGGTATCGAGGTAG-1,3.0715127,3.986162
TGTGGTATCGGCGGTT-1,1.8939443,0.86280847
TGTGTTTAGGCCCTTG-1,2.5288267,0.08294106
TGTGTTTCAGGCGATA-1,2.81454,0.9456832
TGTGTTTCATGGGACA-1,0.91462535,-0.23898959
TGTGTTTTCCCAAGTA-1,1.0128721,1.4004583
TGTGTTTTCGGGAGTA-1,5.4241147,5.1138525
TGTTCCGAGCCCAATT-1,3.0949793,0.9507621
TTAACTCCACTGTGTA-1,2.0408127,-0.49873915
TTAACTCTCGCGGATC-1,0.6588675,2.2390273
TTAGGACCATCGTCGG-1,4.33845,4.658204
TTAGGACGTATGCTTG-1,0.91132987,3.106079
TTAGGACTCTCAAACG-1,1.742272,1.4118
TTATGCTCATGTAGTC-1,1.9853451,0.24368587
TTATGCTGTCAGAATA-1,1.0548052,-1.1017233
TTATGCTGTTACGTCA-1,2.2594607,-0.39754504
TTATGCTTCGGCGCAT-1,2.03225,-0.2813561
TTCCCAGCAGCTTAAC-1,1.9829476,2.5183163
TTCCCAGCATAAGACA-1,1.9026265,0.4278328
TTCCCAGGTGAGTATA-1,1.577127,3.3136592
TTCCCAGGTGCAGTAG-1,2.0345097,1.6480353
TTCGAAGAGACAATAC-1,1.578981,0.034786876
TTCGAAGGTAACGCGA-1,0.9461447,2.5856352
TTCGAAGTCTACCAGA-1,1.2175257,-1.0886567
TTCGGTCAGGAGTTTA-1,5.411845,5.015479
TTCGGTCGTGTATGGG-1,1.4903234,2.78401
TTCGGTCTCCCTGACT-1,2.7238703,3.5754962
TTCTACAAGATGAGAG-1,1.8028129,3.2294247
TTCTACACAAGCCCAC-1,2.4650953,-0.4678706
TTCTACATCAAGAAGT-1,1.3693911,2.4887013
TTCTCAAGTGACGCCT-1,2.0444102,2.8124537
TTCTCCTAGACAATAC-1,2.9835315,0.9486547
TTCTCCTCAGACAAAT-1,4.3536716,4.6323924
TTCTCCTCATTCACTT-1,1.7331815,3.4964778
TTCTCCTGTAGAGGAA-1,2.387516,-0.7509571
TTCTCCTTCTAAGCCA-1,1.8354828,2.7404044
TTCTCCTTCTACCAGA-1,3.026105,1.3601046
TTCTTAGAGCCAGGAT-1,2.4715366,0.3098545
TTCTTAGTCACCATAG-1,2.9904103,0.4600073
TTCTTAGTCCGCATAA-1,3.3239493,0.30652368
TTGAACGCAAGTCTGT-1,1.0428929,3.1441932
TTGAACGCAAGTTGTC-1,3.2136228,-0.2809324
TTGAACGTCACCATAG-1,0.9142265,2.9400494
TTGACTTGTACTTGAC-1,2.121399,-0.084666654
TTGCCGTCACATGGGA-1,1.8608879,1.6369452
TTGCCGTCAGACGCTC-1,3.101221,4.6424036
TTGTAGGGTTTGTGTG-1,0.60179806,-0.0865746
TTGTAGGTCAGCATGT-1,1.1801301,2.2365823
TTGTAGGTCGCAGGCT-1,0.80345523,-0.11284044
TTTCCTCAGCTAAACA-1,1.467671,1.3266585
TTTCCTCAGCTTTGGT-1,1.0877547,1.286293
TTTCCTCGTATGAAAC-1,3.559051,4.5777287
TTTCCTCTCCTGTACC-1,0.7012076,2.4943657
TTTGCGCAGATGCGAC-1,2.8920376,3.9569454
TTTGCGCAGCAGCGTA-1,1.1139663,-0.16989584
TTTGCGCCAGTAAGAT-1,0.23530138,2.3181252
TTTGGTTAGATGCCTT-1,0.97303885,2.9089818
TTTGGTTCAGGACGTA-1,1.5987877,1.4212354
TTTGGTTCAGGGAGAG-1,3.4309144,1.7158192
TTTGTCAAGGCGATAC-1,2.0571508,2.5336828
TTTGTCACAGGTGGAT-1,4.4636693,4.3629026
TTTGTCATCGTCACGG-1,4.5950384,4.924574
TTTGTCATCTGAAAGA-1,0.5645381,0.61238277
Co_P1_FA_GFP_0,3.1786296,2.1423705
Ute_P1_Neg_0,4.420393,4.6974173
Ute_P1_Neg_5,4.0392523,4.1645994
Ute_P1_GFP_3,1.2001479,0.42674443
Co_P1_FA_GFP_9,3.0406091,2.5786383
Ute_P1_GFP_0,2.5478766,1.7480029
Ute_P1_GFP_4,2.287046,1.684364
Co_P1_FA_GFP_2,3.2539866,2.4385407
Ute_P1_Neg_2,2.6254752,0.49624607
Ute_P1_Neg_6,1.4262965,1.4488068
Co_P1_FA_GFP_3,1.6975465,2.2536273
Co_P1_FA_GFP_95,0.72681123,-0.9724953
Ute_P1_Neg_7,2.7044055,0.38709274
Co_P1_FA_GFP_4,2.2833245,2.4634283
Co_P1_FA_GFP_11,0.66445684,0.79742724
Co_P1_FA_GFP_5,1.8164867,0.40828124
Ute_P1_Neg_36,1.7627053,1.4665796
Ute_P1_GFP_1,0.28464684,1.6853732
Ute_P1_Neg_3,0.82540697,2.6482098
Ute_P1_Neg_8,1.8150285,2.0076175
Co_P1_FA_GFP_6,2.91595,2.3942442
Ute_P1_Neg_1,4.049012,4.414376
Ute_P1_Neg_9,4.0479064,4.6727333
Ute_P1_Neg_4,1.7207489,3.0235112
Ute_P1_GFP_2,3.3720357,2.6882076
Ute_P1_Neg_10,1.2844424,2.0040553
Ute_P1_GFP_6,0.55353874,0.7261564
Ute_P1_GFP_18,0.24218908,0.77878267
Ute_P1_Neg_11,4.950437,4.921903
Ute_P1_GFP_10,0.5699606,3.0113964
Ute_P1_GFP_13,1.1024147,3.2616334
Ute_P1_GFP_16,0.92666084,2.6701934
Ute_P1_Neg_14,0.5361923,1.1057391
Ute_P1_GFP_14,0.61102957,0.7839743
Ute_P1_GFP_17,1.5712061,1.3853897
Ute_P1_GFP_19,1.0259625,1.9955723
Ute_P1_Neg_12,0.9343623,1.4181142
Ute_P1_Neg_15,2.8349931,2.0257618
Ute_P1_GFP_11,0.8286597,0.8129484
Ute_P1_Neg_18,3.0043206,3.8554099
Ute_P1_Neg_20,1.5003169,0.2840041
Ute_P1_Neg_13,3.0622056,2.3716292
Ute_P1_GFP_8,1.8410138,3.7938695
Ute_P1_Neg_21,5.371492,5.024704
Ute_P1_GFP_20,1.1073974,2.934538
Ute_P1_GFP_7,1.2153865,1.4995795
Ute_P1_Neg_16,0.64917916,2.8213701
Ute_P1_GFP_12,1.2965281,1.4095662
Ute_P1_Neg_19,1.355407,2.6876059
Ute_P1_GFP_9,0.25608996,2.4909213
Ute_P1_GFP_15,1.8406651,3.1238148
Ute_P1_GFP_22,1.8126447,2.2983685
Ute_P1_Neg_24,1.3224661,0.84992385
Ute_P1_GFP_32,2.794758,2.5251129
Ute_P1_GFP_23,2.1915262,3.4230556
Ute_P1_GFP_24,2.8606164,0.6997575
Ute_P1_GFP_25,1.1995902,2.6164563
Ute_P1_GFP_28,1.720882,0.7028414
Ute_P1_GFP_33,2.04002,3.6211505
Ute_P1_Neg_22,2.3373225,3.4406745
Ute_P1_GFP_26,2.878,0.42362806
Ute_P1_Neg_27,2.1190531,1.8938762
Ute_P1_Neg_28,1.9265243,1.5629687
Ute_P1_Neg_23,1.3586317,1.4459258
Ute_P1_GFP_27,2.4331074,1.7757363
Ute_P1_GFP_29,2.0037768,2.405901
Ute_P1_Neg_25,3.710171,1.4755496
Ute_P1_GFP_30,0.64553773,1.9321101
Ute_P1_GFP_34,5.231855,5.0669446
Ute_P1_GFP_31,2.0268452,2.580792
Ute_P1_GFP_37,0.62568104,3.1920302
Ute_P1_GFP_41,1.9108433,2.6012087
Ute_P1_GFP_46,0.83150464,1.1702974
Ute_P1_GFP_35,1.6097816,2.7412574
Ute_P1_Neg_34,1.8369823,1.4663948
Ute_P1_Neg_30,1.496943,0.3756374
Ute_P1_GFP_50,0.948414,2.541316
Ute_P1_GFP_36,0.7781577,2.6522
Ute_P1_GFP_38,2.796053,1.8164577
Ute_P1_Neg_32,2.1843307,2.1599991
Ute_P1_GFP_47,1.7558659,2.3365736
Ute_P1_GFP_51,1.5244018,3.4614
Ute_P1_Neg_35,2.6184359,3.3831294
Ute_P1_GFP_48,1.2029828,2.8278174
Ute_P1_GFP_39,1.5527143,3.2078931
Ute_P1_GFP_42,0.9188102,-0.5783832
Ute_P1_GFP_52,2.111767,2.5014184
Ute_P1_GFP_40,1.508063,2.7419243
Ute_P1_Neg_33,3.143621,3.7894301
Ute_P1_GFP_53,1.4623599,0.85224795
Ute_P1_Neg_31,1.3053592,2.984481
Ute_P1_GFP_43,2.7412815,3.3901176
Ute_P1_GFP_45,2.1851463,-0.110900104
Ute_P1_GFP_49,2.3456612,1.39397
Co_P1_Ep_Neg_3,2.4837635,1.6038628
Co_P1_Ep_GFP_6,1.5150495,-0.4257001
Co_P1_Ep_GFP_14,1.7680092,3.4039137
Co_P1_Ep_GFP_0,0.8069565,1.6016183
Co_P1_Ep_Neg_0,0.85142124,0.10293681
Co_P1_Ep_GFP_3,0.88928074,0.6158808
Co_P1_Ep_GFP_13,1.4845139,0.56739044
Co_P1_Ep_GFP_15,2.2787373,1.1099513
Co_P1_Ep_Neg_4,2.0587523,-0.058531832
Co_P1_Ep_GFP_7,3.3229575,1.1785487
Co_P1_Ep_GFP_1,2.4320827,1.6671056
Co_P1_Ep_Neg_5,1.8619039,-0.057510972
Co_P1_Ep_GFP_11,2.4251986,2.0526085
Co_P1_Ep_GFP_16,1.9044307,1.1012589
Co_P1_Ep_Neg_1,2.3957863,1.2367787
Co_P1_Ep_Neg_8,1.8884696,1.8494518
Co_P1_Ep_Neg_15,3.244134,0.73684245
Co_P1_Ep_Neg_18,1.869602,2.7371056
Co_P1_Ep_GFP_2,3.1292307,3.7685766
Co_P1_Ep_Neg_6,0.55567485,1.5925324
Co_P1_Ep_GFP_9,2.83643,0.63711965
Co_P1_Ep_Neg_16,1.4984332,0.93196243
Co_P1_Ep_Neg_19,1.2967055,2.1887891
Co_P1_Ep_GFP_5,1.6327893,-0.47930998
Co_P1_Ep_GFP_10,2.6268244,3.598839
Co_P1_Ep_Neg_20,2.7583358,1.8133852
Co_P1_FA_GFP_62,0.69397074,1.5296421
Co_P1_FA_GFP_70,0.44149467,2.173348
Co_P1_FA_GFP_78,0.4668843,1.6188232
Co_P1_FA_GFP_83,2.9856222,2.8840919
Co_P1_FA_GFP_47,3.1772408,2.0067925
Co_P1_FA_GFP_55,3.071447,1.2381957
Co_P1_FA_GFP_63,2.3182511,2.0101948
Co_P1_FA_GFP_71,2.5362558,1.5454962
Co_P1_FA_GFP_79,0.5517539,0.576466
Co_P1_FA_GFP_84,1.676475,-0.80788684
Co_P1_FA_GFP_48,2.5026205,1.3691461
Co_P1_FA_GFP_56,1.228897,-0.23403686
Co_P1_FA_GFP_64,0.64793617,-0.37357473
Co_P1_FA_GFP_72,0.650792,-0.25266317
Co_P1_FA_GFP_85,2.8673615,1.3564527
Co_P1_FA_GFP_49,1.6278945,1.4442906
Co_P1_FA_GFP_57,1.5180608,-0.6776577
Co_P1_FA_GFP_65,1.6298194,1.7196068
Co_P1_FA_GFP_73,2.3270898,3.2570517
Co_P1_FA_GFP_86,1.0751882,1.8659551
Co_P1_FA_GFP_58,1.4481049,-1.0426645
Co_P1_FA_GFP_66,2.1962118,1.1221304
Co_P1_FA_GFP_74,0.7812968,-0.7812452
Co_P1_FA_GFP_87,2.15643,1.6867067
Co_P1_FA_GFP_59,1.9327087,-0.72594655
Co_P1_FA_GFP_67,0.709073,0.3848709
Co_P1_FA_GFP_75,2.3839402,-0.5127339
Co_P1_FA_GFP_80,2.5947986,0.73037934
Co_P1_FA_GFP_88,1.6241095,0.55742544
Co_P1_FA_GFP_52,1.7440149,1.3897972
Co_P1_FA_GFP_60,0.5092793,-0.13225849
Co_P1_FA_GFP_68,2.8425992,1.1843241
Co_P1_FA_GFP_76,0.80913097,0.68032074
Co_P1_FA_GFP_81,3.6826036,3.6933346
Co_P1_FA_GFP_89,0.2153813,0.05676068
Co_P1_FA_GFP_53,2.7063115,2.3796606
Co_P1_FA_GFP_69,2.0453842,-0.8379264
Co_P1_FA_GFP_77,1.0365766,0.99276036
Co_P1_FA_GFP_82,1.1606554,2.6249835
Co_P1_FA_GFP_90,2.3398385,3.0353694
Co_P1_FA_GFP_91,0.36706603,1.3689582
Co_P1_FA_GFP_92,2.9012353,1.9201047
Co_P1_FA_GFP_93,2.4988873,2.7733595
Co_P1_Ep_Neg_26,1.2300335,0.47006318
Co_P1_Ep_Neg_31,2.3189356,0.4074783
Co_P1_Ep_GFP_25,1.917467,2.6940267
Co_P1_Ep_Neg_41,1.100927,2.482898
Co_P1_Ep_Neg_45,1.6104466,0.86558944
Co_P1_Ep_GFP_18,0.7592525,1.4576147
Co_P1_Ep_Neg_27,1.6712896,1.8315582
Co_P1_Ep_GFP_23,0.33720478,1.76906
Co_P1_Ep_Neg_36,1.8803468,0.08478088
Co_P1_Ep_Neg_42,0.6841565,1.934043
Co_P1_Ep_GFP_32,1.2245317,1.7493417
Co_P1_Ep_Neg_28,2.5079713,0.9544428
Co_P1_Ep_Neg_32,1.3241051,-0.42808905
Co_P1_Ep_GFP_26,1.1068472,0.3906751
Co_P1_Ep_GFP_28,3.0573337,2.3731787
Co_P1_Ep_Neg_46,1.9357761,1.0241191
Co_P1_Ep_Neg_22,2.2229764,-0.8865811
Co_P1_Ep_GFP_20,1.924399,0.6602659
Co_P1_Ep_GFP_24,1.9473073,1.8269062
Co_P1_Ep_Neg_37,1.9422605,1.1008792
Co_P1_Ep_GFP_29,1.4784919,-0.4776663
Co_P1_Ep_Neg_23,1.4744703,3.5292249
Co_P1_Ep_GFP_21,2.1369483,0.2955364
Co_P1_Ep_Neg_38,2.1112921,2.7188501
Co_P1_Ep_Neg_43,0.8994076,0.7389717
Co_P1_Ep_Neg_47,3.0892756,0.78064495
Co_P1_Ep_GFP_19,3.423422,3.9454496
Co_P1_Ep_Neg_29,3.3409395,1.9481674
Co_P1_Ep_Neg_39,1.0125592,-0.7053264
Co_P1_Ep_Neg_44,2.198639,0.1492135
Co_P1_Ep_Neg_48,3.3201814,1.0978011
Co_P1_Ep_Neg_24,1.1975222,0.064527325
Co_P1_Ep_Neg_30,1.4868016,0.12729873
Co_P1_Ep_Neg_34,2.2655225,0.23170376
Co_P1_Ep_GFP_27,1.3736143,1.2235129
Co_P1_Ep_GFP_30,0.99573845,1.0387378
Co_P1_Ep_GFP_33,1.9457977,0.2509212
Co_P1_Ep_Neg_25,0.9750816,1.1335225
Co_P1_Ep_GFP_22,2.5451365,2.5180779
Co_P1_Ep_Neg_35,2.0103402,1.306949
Co_P1_Ep_Neg_40,0.88854027,2.1635487
Co_P1_Ep_GFP_31,2.5362098,3.7623315
Co_P1_Ep_GFP_34,1.0187484,0.31136322
Co_P1_Ep_GFP_35,0.3766559,2.0416107
Co_P1_Ep_Neg_53,1.7804677,3.0042386
Co_P1_Ep_GFP_36,1.2969134,3.565222
Co_P1_Ep_GFP_38,2.4835134,1.6870091
Co_P1_Ep_GFP_37,1.8728412,3.0041327
Co_P1_Ep_Neg_49,1.5901893,1.75873
Co_P1_Ep_Neg_50,2.8078003,2.4566367
Co_P1_Ep_GFP_39,1.6524935,2.3623834
Co_P1_Ep_Neg_51,1.5518525,3.2269104
Co_P1_Ep_Neg_54,1.4041073,2.8294806
Co_P1_Ep_Neg_52,2.2350664,1.2479049
Co_P1_Ep_GFP_40,1.3480343,2.0451496
Cell_001,2.6930308,1.0376091
Cell_002,0.29880866,0.7222219
Cell_003,5.3845925,5.070928
Cell_004,2.0985065,1.5789471
Cell_005,4.93162,4.848036
Cell_006,0.26646134,0.67096835
Cell_007,3.1630998,4.5200286
Cell_008,1.1531878,-0.17166817
Cell_009,5.1939845,4.9191337
Cell_010,1.9704273,3.222569
Cell_011,3.4770124,4.65659
Cell_012,5.2347784,4.547813
Cell_013,1.1162046,1.2212542
Cell_014,1.0821788,0.46543956
Cell_015,3.0377274,-0.27563557
Cell_016,2.3427367,-0.24269016
Cell_017,1.3630073,0.074007034
Cell_018,3.9810832,1.7659769
Cell_019,0.35922053,0.65168697
Cell_020,2.218507,-0.65430033
Cell_021,3.1059115,0.05910195
Cell_022,3.3682294,-0.22816016
Cell_023,2.1200414,-0.8562479
Cell_024,1.214754,-0.40362
Cell_025,1.3138869,1.0543721
Cell_026,3.31128,-0.09527659
Cell_027,2.3040998,-0.5953463
Cell_028,1.8280897,-0.3005999
Cell_029,3.156131,-0.14547832
Cell_030,3.325866,0.14835168
Cell_031,1.7439363,0.7112426
Cell_032,2.2171824,1.8728398
Cell_033,3.3329353,-0.13431388
Cell_034,2.2423708,0.1028702
Cell_035,3.7655694,4.7022824
Cell_036,2.037676,2.6090436
Cell_037,0.9916463,2.2487009
Cell_038,2.5590165,2.0882125
Cell_039,2.0045297,-0.435343
Cell_040,1.4056888,1.3971498
Cell_041,2.2672982,0.15147972
Cell_042,1.2148097,2.4379802
Cell_043,2.3500645,0.5328653
Cell_044,0.68137,0.2799151
Cell_045,1.7110342,-0.44302258
Cell_046,0.62433654,1.1606264
Cell_047,1.6322768,-0.42329875
Cell_048,1.0055523,1.4377887
Cell_049,2.2713783,0.89519006
Cell_050,0.27521205,0.2093873
Cell_051,0.4584759,3.0444994
Cell_052,1.4764094,-0.0974489
Cell_055,1.5631553,2.4451642
Cell_058,2.0351448,0.30150232
Cell_059,2.3236628,3.3819158
Cell_060,2.7855012,4.395945
Cell_061,0.19336791,1.9653121
Cell_062,1.7511497,3.367181
Cell_063,1.9711256,1.1131309
Cell_064,2.185701,2.8169842
Cell_065,4.235757,4.847283
Cell_066,3.2793927,3.3096635
Cell_067,0.60953814,2.3412137
Cell_070,1.7121627,1.9777646
Cell_071,4.9351296,4.8301296
Cell_074,3.1805248,4.4226046
Cell_076,3.297032,2.079752
Cell_077,2.649211,2.9123147
Cell_079,3.741156,4.3766813
Cell_082,1.9706674,1.6238602
Cell_083,3.6851923,4.4334393
Cell_084,2.6166005,2.6640663
Cell_085,2.7080405,1.470679
Cell_086,5.354333,4.8883114
Cell_090,3.260538,4.5385933
Cell_091,2.9658995,3.1270075
Cell_093,4.9677005,4.9861045
Cell_094,2.374052,1.3570011
Cell_095,5.381963,4.886313
Cell_098,2.072175,0.96348584
Cell_099,3.687126,3.9892836
Cell_102,4.498906,4.291974
Cell_103,4.391476,4.6845903
Cell_105,5.350075,5.076288
Cell_106,5.0254874,5.197418
Cell_107,3.4778366,3.645594
Cell_108,3.0046706,4.4901056
Cell_109,5.0792413,5.162516
Cell_110,1.0094959,-0.20077854
Cell_111,4.383252,4.9254556
Cell_114,3.0964773,2.0853455
Cell_115,2.1826794,3.8569632
Cell_117,3.8083532,3.670505
Cell_120,5.160739,5.0891485
Cell_122,1.3333894,0.5577129
Cell_123,0.8736541,1.4764192
Cell_124,2.9441423,4.174138
Cell_125,3.4747663,4.6633906
Cell_126,4.547037,4.3025723
Cell_129,2.6462092,1.0656084
Cell_130,1.6064359,1.0287328
Cell_131,1.2656277,-0.5427606
Cell_134,2.144076,1.1205286
Cell_137,1.1035417,-0.64161223
Cell_138,2.1894765,-0.57168734
Cell_139,0.71057427,-0.22010969
Cell_141,2.324995,0.19881776
Cell_144,2.8432193,0.063624226
Cell_145,1.1320529,0.88351375
Cell_146,0.689315,0.35570538
Cell_147,2.126957,-0.2943318
Cell_148,1.3906231,1.8568687
Cell_150,5.203336,5.021505
Cell_151,0.81964296,0.58362514
Cell_152,0.71623105,0.5205311
Cell_153,5.3517313,4.744252
Cell_154,1.4599679,2.1615229
Cell_157,1.9906613,-1.1193535
Cell_158,3.348518,4.0328045
Cell_159,2.3125014,1.5669142
Cell_160,2.7510939,2.299406
Cell_161,2.089572,2.090208
Cell_164,3.3143563,2.685944
Cell_165,0.91665596,2.5417035
Cell_166,2.4945035,0.3029643
Cell_168,0.7220812,1.5746847
Cell_169,0.8960672,1.8049172
Cell_171,1.4532284,1.7616081
Cell_173,1.553955,1.3814727
Cell_174,0.46625507,1.32459
Cell_175,0.73112965,2.906471
Cell_177,2.0242572,0.99138516
Cell_179,0.7380807,2.3375688
Cell_180,1.8113985,1.1974368
Cell_181,1.6557059,1.3030604
Cell_182,2.2611933,0.37736207
Cell_183,3.3973298,0.26579025
Cell_184,5.1045184,4.451863
Cell_185,3.208322,1.5616494
Cell_186,1.7968088,1.6141039
Cell_191,1.6518587,1.2164419
Cell_192,-0.12495472,2.156792
Cell_196,2.224361,3.8032384
Cell_198,2.254163,1.6043141
Cell_199,3.1989427,1.5068438
Cell_200,-0.11420667,1.9550704
Cell_201,3.6201344,0.9945273
Cell_202,3.416113,0.36029756
Cell_203,0.9471393,2.601581
Cell_204,5.0570054,4.765979
Cell_205,2.3580604,0.92399776
Cell_206,0.83567375,1.4835582
Cell_207,2.9324393,1.0571351
Cell_208,3.618274,4.144391
Cell_209,0.41170946,-0.019155104
Cell_210,1.0869143,2.3323843
Cell_212,4.8133082,4.6480365
Cell_213,1.2963041,2.9448624
Cell_214,2.3897495,3.169488
Cell_215,3.0541363,-0.05833594
Cell_216,3.0791452,2.5740013
Cell_217,2.635396,4.1407022
Cell_218,2.641737,0.19870561
Cell_219,3.5319052,2.4427938
Cell_220,1.6721821,-0.7514666
Cell_221,4.207324,4.5465374
Cell_222,1.7543535,2.827793
Cell_223,2.5416474,2.647338
Cell_224,2.8154607,3.1122425
Cell_226,1.1356157,3.538954
Cell_227,0.17025807,1.1229963
Cell_228,1.8440388,-0.3746975
Cell_229,2.1097558,-0.20733148
Cell_230,-0.028501194,0.33575693
Cell_231,0.01866623,0.2393085
Cell_233,0.780574,2.8696134
Cell_234,1.0565155,0.23670919
Cell_235,0.034398075,0.15829073
Cell_236,0.3181329,-0.5313361
Cell_237,0.6145738,0.066266306
Cell_245,2.2126925,-0.6328319
Cell_246,0.62196803,3.6749396
Cell_247,0.041042034,2.6531477
Cell_248,0.01963442,2.5700803
Cell_249,0.25510058,-0.46318582
Cell_250,1.287733,0.7506955
Cell_251,0.43347308,2.836757
Cell_252,0.6923252,3.6512384
Cell_253,1.8459158,-0.82139164
Cell_254,2.3808098,0.6390718
Cell_255,0.96769106,1.7446666
Cell_256,0.491743,-0.5761281
Cell_257,2.2175233,-0.56989956
Cell_258,2.8821583,-0.22991891
Cell_259,1.2811486,-0.6928571
Cell_260,0.6955054,-0.8907425
Cell_261,1.4704689,1.9179751
Cell_262,1.2100937,0.53453827
Cell_263,1.080614,-0.30099207
Cell_265,2.1178575,-0.046217028
Cell_266,1.4279983,-0.7395368
Cell_267,1.7940942,0.5606208
Cell_268,1.3075372,0.63862187
Cell_269,1.0141338,1.0619487
Cell_270,1.6949683,-1.065245
Cell_271,1.9169716,0.021518411
Cell_272,0.76933044,0.18511084
Cell_273,3.2095892,0.44101858
Cell_274,1.3602159,0.052420277
Cell_275,1.7734034,-0.53673786
Cell_276,2.3512366,-0.5325748
