"",anchors@anchor.features
"1",Gata2
"2",Top2a
"3",Aldh1a3
"4",Ccnb1
"5",Cenpf
"6",Kpna2
"7",Edem1
"8",Dkk3
"9",Mcm2
"10",Ccnd2
"11",Pla2g7
"12",Kctd12
"13",Tbc1d4
"14",Hk2
"15",Samd9l
"16",Pbk
"17",Hnmt
"18",Gba
"19",Znfx1
"20",Neurl1b
"21",Mcm7
"22",Vmp1
"23",Mxd1
"24",Btg2
"25",Atf3
"26",Olfm1
"27",Kif18a
"28",Ublcp1
"29",Mis12
"30",Sec23a
"31",Sat1
"32",Cdca8
"33",Cdkn1c
"34",Elf3
"35",Stam2
"36",Haus2
"37",Satb1
"38",Dhx36
"39",Dhrs3
"40",Ctsc
"41",Traf6
"42",Med23
"43",Melk
"44",Igfbp5
"45",Ctsh
"46",Cenpl
"47",Ahcy
"48",Zfp36l2
"49",Mysm1
"50",Rab11fip1
"51",Rgs5
"52",Cse1l
"53",Rap1gds1
"54",Entpd1
"55",Plekhm3
"56",Kit
"57",Bhlhe41
"58",Nsl1
"59",Sgk1
"60",Sdc4
"61",Rcor1
"62",Itga8
"63",Tmem120a
"64",Arsg
"65",Mcm5
"66",Sall1
"67",Tfpi
"68",Vrk3
"69",Fos
"70",Rpa1
"71",Mki67
"72",Egr2
"73",Ccne2
"74",Hsdl1
"75",Ckap2
"76",Dnajc10
"77",Arhgap1
"78",Tacc3
"79",Tmx1
"80",Mest
"81",Nr2c2
"82",Slc19a2
"83",Crnkl1
"84",Chfr
"85",Mthfd2l
"86",Dsn1
"87",Tubb5
"88",Mkln1
"89",Suv39h1
"90",Plk3
"91",Sparcl1
"92",Fam192a
"93",Traf3ip1
"94",Smc2
"95",Ctbp2
"96",Plk1
"97",E2f7
"98",Dhx58
"99",Dis3l
"100",Hectd3
"101",Dstyk
"102",Dis3l2
"103",Rora
"104",P4ha2
"105",Ivns1abp
"106",Ptpn4
"107",Thbs1
"108",Asb8
"109",Mastl
"110",Wdr5
"111",H6pd
"112",Gemin5
"113",Mavs
"114",Far1
"115",Fndc3a
"116",Larp7
"117",Sgtb
"118",Slc1a4
"119",Rabif
"120",Rbm47
"121",Gpcpd1
"122",Abcb10
"123",Cfi
"124",Dusp16
"125",Atg3
"126",Eif2d
"127",Parp1
"128",Asf1b
"129",Gab2
"130",Stat6
"131",Coro1c
"132",Zfp143
"133",Rnpep
"134",Hoga1
"135",Amigo1
"136",Fbp1
"137",Stat3
"138",Pdk4
"139",Xpo6
"140",Vps39
"141",Wdr77
"142",Vps33b
"143",Kif2c
"144",Pcca
"145",Nusap1
"146",Lasp1
"147",Nfat5
"148",Prox1
"149",Ddx49
"150",Slc7a2
"151",Pgam5
"152",Plrg1
"153",Cog7
"154",Rars
"155",Orc4
"156",Cyp26b1
"157",Dusp4
"158",Necap1
"159",Pip5k1c
"160",Eif2b4
"161",Uros
"162",Slc7a11
"163",Mtus1
"164",Prkx
"165",Nip7
"166",Prc1
"167",Kif26b
"168",Prss35
"169",AI597479
"170",Ezh2
"171",Marcks
"172",Map3k14
"173",Nr4a3
"174",Fgfr2
"175",Snrnp200
"176",Cyfip2
"177",Tpk1
"178",Trp53
"179",Ptgs2
"180",Epyc
"181",Pdlim5
"182",Tollip
"183",Zcchc7
"184",Nptx1
"185",Cc2d1a
"186",Casp4
"187",Lrrn1
"188",Hs3st3b1
"189",Pigo
"190",Gamt
"191",Bhlhe40
"192",Rcsd1
"193",Cdc42bpa
"194",Hmx3
"195",Ttk
"196",Gpr107
"197",Rlim
"198",Mcm6
"199",Cgnl1
"200",Kcnn3
"201",Ptprz1
"202",Wnt3
"203",Eif5a2
"204",Mknk1
"205",Ing5
"206",Pcdh19
"207",Pold1
"208",Slco3a1
"209",Papolg
"210",Gsn
"211",Smyd5
"212",D1Ertd622e
"213",Cenpi
"214",Myo1d
"215",Pola1
"216",Itgb1
"217",Msto1
"218",Lhfp
"219",Ppm1k
"220",Tbc1d9b
"221",Cav1
"222",Calr
"223",Brca2
"224",Rtn4
"225",Hars2
"226",Pole
"227",Timm44
"228",Vill
"229",Nfyb
"230",Rad52
"231",Casp8
"232",Pax9
"233",Slc20a1
"234",Drg1
"235",Capn5
"236",Pik3c3
"237",Suclg2
"238",C1qbp
"239",Tcf12
"240",Ccng1
"241",Nop2
"242",Cobl
"243",Txnrd3
"244",Dhx30
"245",Unc5d
"246",Osbpl5
"247",Cryz
"248",Sertad4
"249",Cdca2
"250",Sytl1
"251",Mttp
"252",Insr
"253",Jmjd6
"254",Rbm18
"255",Rab27a
"256",Setx
"257",Alkbh4
"258",Stag2
"259",Cog2
"260",Fbxw11
"261",Nup43
"262",Ubqln4
"263",Atoh1
"264",Amigo3
"265",Slc19a1
"266",Chpf2
"267",Dab2
"268",Psme4
"269",Ctnnal1
"270",Ptcd1
"271",Tubgcp3
"272",Bbs9
"273",Stim1
"274",Fndc3b
"275",Id1
"276",Stx18
"277",Fkbp14
"278",Herc1
"279",Api5
"280",Slc35a1
"281",Trp53inp1
"282",Top3a
"283",Tpx2
"284",Xrcc3
"285",Ocrl
"286",Cenpn
"287",Nup205
"288",Thumpd1
"289",Dqx1
"290",Smo
"291",Nol9
"292",Ube2c
"293",Cdkn2aip
"294",Unc119b
"295",Lrig1
"296",Magohb
"297",Tspan33
"298",Gars
"299",Sbno1
"300",Crlf3
"301",Uba3
"302",Tbc1d8b
"303",Gk5
"304",Tpt1
"305",Dennd1b
"306",Cdc6
"307",Gtpbp6
"308",Megf10
"309",Fastkd2
"310",Tmprss5
"311",Phtf1
"312",Abtb2
"313",Trmt2b
"314",Ptrh2
"315",Taf1a
"316",Gdi1
"317",Ccnt2
"318",Cln6
"319",Gtf3c4
"320",Accs
"321",Strada
"322",Dars2
"323",Naa25
"324",Prmt5
"325",Tsr2
"326",Ppp1r3b
"327",Lck
"328",Nrf1
"329",Ppfibp1
"330",Slc27a4
"331",Cc2d2a
"332",Ugdh
"333",Ddx52
"334",Rnf40
"335",Slc7a3
"336",Trip12
"337",Crhr1
"338",Timp2
"339",Atg16l2
"340",Retsat
"341",Tnpo3
"342",Cad
"343",Stx12
"344",Psmd1
"345",Mfsd8
"346",Ptdss2
"347",Spata6
"348",Tcn2
"349",Vldlr
"350",Akap10
"351",Psmd3
"352",Pex3
"353",Psat1
"354",Aldh18a1
"355",Ube2g2
"356",Copg2
"357",Fgf10
"358",Dcbld2
"359",Kcnq1
"360",Dsc2
"361",Rrm1
"362",Tnfrsf1a
"363",Pold3
"364",Cenpo
"365",Mrpl45
"366",Rasd1
"367",Ppp2r1b
"368",Senp1
"369",Tgfbr1
"370",Rad54b
"371",Ttbk2
"372",Edem3
"373",Tk1
"374",Plekhb1
"375",Rfc1
"376",Ctsz
"377",Trim25
"378",Xrn1
"379",Tecta
"380",Ndrg3
"381",Ccdc18
"382",Nkain1
"383",Wls
"384",Gm2a
"385",Rgs4
"386",Ttc4
"387",Rpap1
"388",Homez
"389",Dstn
"390",Mcm3
"391",Limk2
"392",Sf3a1
"393",Ahcyl1
"394",Fyn
"395",Mrps2
"396",Crat
"397",F3
"398",Tab3
"399",Ankrd10
"400",Flad1
"401",Cdc7
"402",Khk
"403",Ctsd
"404",Fibin
"405",Rb1
"406",Kntc1
"407",Srsf11
"408",Plaa
"409",Nup93
"410",Slc9a1
"411",P4hb
"412",Trim3
"413",Patz1
"414",Klhdc10
"415",Shmt1
"416",Rel
"417",Ikbkg
"418",Ryr3
"419",Rab27b
"420",Atad5
"421",Trim71
"422",Galnt4
"423",Cox18
"424",Tgif1
"425",Ckap2l
"426",Tnc
"427",Crtc3
"428",Lrrc42
"429",Ints7
"430",Micu1
"431",Ccdc86
"432",Wdr53
"433",Ttc17
"434",Rnf114
"435",E130309D02Rik
"436",Fam45a
"437",Xrcc4
"438",Tmem135
"439",Mtbp
"440",Sec23b
"441",Mark1
"442",Gprin3
"443",Gnpat
"444",Nop16
"445",Pak2
"446",Cpne1
"447",Gse1
"448",Meis1
"449",E2f4
"450",Rev3l
"451",Cdca7
"452",Dph1
"453",Zfp260
"454",Wdr47
"455",Gyg
"456",Ppfia4
"457",Psmd7
"458",Zfp451
"459",Rhov
"460",Coq9
"461",Hyls1
"462",Gpsm2
"463",Stat5b
"464",Asl
"465",Psmf1
"466",Rrp15
"467",Lrrc59
"468",Mat2a
"469",Sh3bp5
"470",Asah1
"471",Rbm41
"472",Cops4
"473",Dpyd
"474",Rad50
"475",Map3k1
"476",Raver2
"477",Ap1m1
"478",Dnttip2
"479",Zrsr2
"480",Cct3
"481",Usp10
"482",Nanp
"483",Nek6
"484",Baz1a
"485",Nfkbib
"486",Timeless
"487",Xpr1
"488",Camk1d
"489",Ccdc6
"490",Ikzf5
"491",Afap1
"492",Dach1
"493",Pex12
"494",Unk
"495",Fdxacb1
"496",Fbxo5
"497",Rassf5
"498",Ctso
"499",Casd1
"500",Irak3
"501",Ube3b
"502",Ccdc57
"503",Gmppb
"504",Elovl5
"505",Rbm15b
"506",Depdc1a
"507",Cbl
"508",Slc31a1
"509",Ggcx
"510",Asb7
"511",Dph2
"512",Gne
"513",Nisch
"514",Aif1l
"515",Ergic2
"516",Zdhhc1
"517",Synrg
"518",1700066M21Rik
"519",Usp24
"520",Kpnb1
"521",Nod2
"522",Swap70
"523",B3gnt5
"524",Ppp2r2d
"525",Slc39a6
"526",Tspan6
"527",Ttpal
"528",Wdr24
"529",Tstd2
"530",Nfe2l3
"531",Eno1
"532",Qrich1
"533",Nfe2l2
"534",Polr2b
"535",Klf16
"536",Rap1gap
"537",Fbxw17
"538",Mapk4
"539",Tapt1
"540",Dclre1b
"541",Naa15
"542",Ccnjl
"543",Psmd4
"544",Marveld1
"545",Alpl
"546",Nhlrc3
"547",Sbf1
"548",Emp1
"549",Gzf1
"550",Elmod2
"551",Gtf2e1
"552",Hat1
"553",Itgb6
"554",Sft2d2
"555",Tnrc6a
"556",Msrb3
"557",Ldlrad3
"558",Dhx8
"559",Rrp8
"560",Pctp
"561",Zdhhc21
"562",Iars
"563",Sipa1l2
"564",Trub2
"565",Rasgrp4
"566",Tyw3
"567",Ints3
"568",Cebpg
"569",Crym
"570",Adal
"571",Fgfr1op
"572",Xpo1
"573",Tbl2
"574",Kars
"575",Sulf1
"576",Heatr3
"577",Tcf19
"578",Qars
"579",Trim59
"580",Slc35a5
"581",Arfgap2
"582",Stx4a
"583",Lman2l
"584",Gcdh
"585",Eftud2
"586",Nup62
"587",Scoc
"588",Itgal
"589",Ift80
"590",Rbm34
"591",Ubac1
"592",Lsm11
"593",Map3k3
"594",Mfng
"595",Gpatch1
"596",Prr15l
"597",Chst14
"598",Gtf2h4
"599",Ftsj1
"600",Prpf6
"601",Bcl2
"602",Ints1
"603",Urb1
"604",Gorab
"605",Pamr1
"606",Ppargc1b
"607",Stard13
"608",Rffl
"609",Hspa1b
"610",Tmem220
"611",Lgr4
"612",Fus
"613",Cenpt
"614",Lypd6
"615",Gpr82
"616",Cpd
"617",Snx1
"618",Usp1
"619",Avl9
"620",Adcy7
"621",Adipor2
"622",Efcab2
"623",Hs2st1
"624",Spata2
"625",Enpp4
"626",Ablim1
"627",St6galnac3
"628",Topors
"629",Efna1
"630",Il11ra1
"631",Iars2
"632",Isl1
"633",Numa1
"634",R3hdm1
"635",Rbm12
"636",Mcoln1
"637",Rars2
"638",Rnh1
"639",Ak5
"640",Fancd2
"641",Sdad1
"642",Mcmbp
"643",Yaf2
"644",Tlk1
"645",Ptpn6
"646",Gnl1
"647",Lrp2
"648",Klhl5
"649",Serac1
"650",Cep152
"651",Cstf2
"652",Skap2
"653",Gba2
"654",Saal1
"655",Tbck
"656",Tec
"657",Igfbp2
"658",Lig3
"659",Nsun4
"660",Armc8
"661",Zbtb34
"662",Lyn
"663",Hsd17b7
"664",Myo5b
"665",Stradb
"666",Fbxo8
"667",Fitm2
"668",Tex10
"669",Uimc1
"670",Iqcc
"671",Ube2h
"672",Mybl2
"673",Tmem64
"674",Fmnl3
"675",Anxa6
"676",Ing2
"677",Apoe
"678",Pls1
"679",Chid1
"680",Tasp1
"681",Imp4
"682",Me3
"683",Clpx
"684",Ace
"685",Dna2
"686",Eme2
"687",Snapc4
"688",Slc25a18
"689",Pik3ip1
"690",Rab11fip5
"691",Prkdc
"692",Rbl2
"693",Strbp
"694",Zbtb48
"695",Stard5
"696",Ncapg
"697",Wdfy3
"698",Kat2b
"699",Sox1
"700",Ogfod1
"701",Inpp1
"702",Tdg
"703",Neil1
"704",Vdr
"705",Ubxn11
"706",Tspan12
"707",Dbnl
"708",Acvr2a
"709",Sorl1
"710",Tacc1
"711",Plxdc2
"712",Cog6
"713",Enpep
"714",Fah
"715",Arrdc2
"716",Flii
"717",Mad1l1
"718",Sod3
"719",Ints10
"720",Pcdh11x
"721",Tmem129
"722",Wrap53
"723",Gpm6b
"724",Tuba4a
"725",Sesn2
"726",Tmem192
"727",Ftsj3
"728",Orc5
"729",Rmnd1
"730",Trf
"731",Gin1
"732",Pcdhgb4
"733",Pde7a
"734",Stau2
"735",Usp31
"736",Elmod3
"737",Kbtbd2
"738",Ncoa5
"739",Traf7
"740",Rrp7a
"741",Nr1d1
"742",Nsf
"743",Pdia3
"744",Ddx56
"745",Cth
"746",Nsdhl
"747",Adamts3
"748",Pkn3
"749",Ostm1
"750",Cadm2
"751",Ppp2r3a
"752",Rab15
"753",Ctse
"754",Rnf215
"755",Rasl11b
"756",Tsnax
"757",Zbtb11
"758",Dcaf15
"759",Kctd7
"760",Ect2
"761",Tfcp2l1
"762",Jazf1
"763",Nfatc2
"764",Plch1
"765",Fam102b
"766",Lmo3
"767",Dtx1
"768",Rnft1
"769",Lgmn
"770",Ppp1r15b
"771",Eif2ak4
"772",Mfsd6
"773",Cdk14
"774",Lap3
"775",Mios
"776",Anxa5
"777",Mex3b
"778",Chst1
"779",Stard7
"780",Stard8
"781",Ahctf1
"782",Fbxw10
"783",Ccdc47
"784",Sirt3
"785",Tbc1d2
"786",Nipsnap1
"787",Cyp20a1
"788",Man2b1
"789",Socs3
"790",Ddx18
"791",Hmgb3
"792",Snph
"793",Fzd2
"794",Nsmaf
"795",Slit3
"796",Usp45
"797",Id3
"798",Ampd1
"799",Mcoln3
"800",Tpst1
"801",Abtb1
"802",Rnf123
"803",Maml3
"804",Arv1
"805",Gosr2
"806",Lpin2
"807",Mpdu1
"808",Vti1b
"809",Plin2
"810",Rnf217
"811",Ckap5
"812",Usp18
"813",Npy
"814",Bdnf
"815",Atxn3
"816",Cenpe
"817",Glipr2
"818",Sars2
"819",Aldoc
"820",Nup210
"821",Herpud1
"822",Tbc1d14
"823",Wdr31
"824",Cnnm3
"825",Polr1b
"826",Tmem54
"827",Haus7
"828",Gas8
"829",Pfn2
"830",Il1r2
"831",Gak
"832",Mid2
"833",Mal
"834",Zcchc24
"835",Nudt6
"836",Tmco4
"837",Nfe2l1
"838",Leng9
"839",Prr5l
"840",C330018D20Rik
"841",Sema6a
"842",Fam126b
"843",Alms1
"844",Prex2
"845",Bub3
"846",Porcn
"847",Skp2
"848",Folr1
"849",Gulp1
"850",Col11a1
"851",Steap2
"852",Stmn1
"853",Ubap1
"854",Kcnb1
"855",Nploc4
"856",Ap3m2
"857",Nicn1
"858",Abl2
"859",Kctd9
"860",Hdac6
"861",Tgoln1
"862",Oma1
"863",Pllp
"864",Snrpb
"865",Papss1
"866",Agbl2
"867",Actg2
"868",Magi3
"869",Cd79a
"870",Fbxl5
"871",Usp49
"872",Ikzf2
"873",Spata5
"874",Dcun1d2
"875",Plxnb1
"876",2010300C02Rik
"877",Dtl
"878",Dcaf12
"879",Ttyh1
"880",Cds1
"881",Prkd3
"882",Ankrd9
"883",Abhd15
"884",Acaa1b
"885",Exo1
"886",Sgpp2
"887",Socs2
"888",Gpd2
"889",Tbrg4
"890",Galnt11
"891",Bri3bp
"892",Scube2
"893",Mybbp1a
"894",Fkrp
"895",Hipk3
"896",Lmna
"897",Tmem184c
"898",Pmp22
"899",Mgll
"900",Caln1
"901",Prpf8
"902",Cpa6
"903",Ppox
"904",Blzf1
"905",Reck
"906",Slc2a12
"907",Ankrd27
"908",Dpp4
"909",Kcnip4
"910",1700030K09Rik
"911",Pnpla2
"912",Zmat1
"913",Agpat5
"914",Ncaph2
"915",Rc3h2
"916",Zfp276
"917",Znrd1
"918",Brpf1
"919",Tcp11l2
"920",Ercc3
"921",Paqr7
"922",Pear1
"923",Uggt1
"924",Phf20
"925",Rxrg
"926",Cep97
"927",Timp3
"928",Pdk2
"929",Stox2
"930",Phka2
"931",Ccdc93
"932",Grwd1
"933",Ankrd52
"934",Rnf213
"935",Vegfc
"936",Golga3
"937",Znrf2
"938",Slc6a1
"939",D630045J12Rik
"940",Rrm2
"941",R3hdm2
"942",Tsc22d1
"943",Aacs
"944",Prmt3
"945",Flrt2
"946",Oip5
"947",Gdf6
"948",Man1a2
"949",Ipo13
"950",Cxcl12
"951",Ghdc
"952",Efhd1
"953",Col4a5
"954",Stxbp1
"955",Hip1
"956",Rnf103
"957",Dock1
"958",Scarb1
"959",Rfc5
"960",Slc4a2
"961",Fam110a
"962",Mpp1
"963",Rfx7
"964",Mgst2
"965",Eme1
"966",Rbl1
"967",Asb3
"968",Lrrtm1
"969",Tsr1
"970",Abcb8
"971",Htt
"972",Armc7
"973",Filip1l
"974",Naif1
"975",Gja6
"976",Zfp511
"977",Slc26a2
"978",Calb1
"979",Igfbp3
"980",Gpat2
"981",Npnt
"982",Gpkow
"983",Arih1
"984",Prkrip1
"985",Tmem51
"986",Gli2
"987",Rnf167
"988",Eya2
"989",Slc52a3
"990",Gbe1
"991",Relt
"992",Ptpre
"993",Ebf1
"994",Nkiras2
"995",Nrp1
"996",Cav2
"997",Itk
"998",Wipf3
"999",Fabp7
"1000",Smyd3
"1001",Adamts17
"1002",Pdk1
"1003",Npr2
"1004",Afmid
"1005",Thra
"1006",Blnk
"1007",Gata3
"1008",Mob3c
"1009",Zfp770
"1010",Zmym4
"1011",Fabp3
"1012",Mapk9
"1013",Smc4
"1014",Epha7
"1015",Arhgap12
"1016",Qsox1
"1017",Bcorl1
"1018",Siah1b
"1019",Ccdc32
"1020",Opn1sw
"1021",Hc
"1022",Mat2b
"1023",Telo2
"1024",Tomm34
"1025",Rae1
"1026",Cdk5rap2
"1027",Slc44a1
"1028",Tmem37
"1029",Hfm1
"1030",Spag5
"1031",Ptk2b
"1032",Ing3
"1033",Olfml3
"1034",Rpe
"1035",Txndc9
"1036",Fam111a
"1037",Ncf1
"1038",Kdm5a
"1039",Mxra8
"1040",Plxna4
"1041",Depdc7
"1042",Fkbp7
"1043",Zcchc4
"1044",Pdlim1
"1045",Zfp106
"1046",A130010J15Rik
"1047",Med22
"1048",Moxd1
"1049",Yipf6
"1050",Lhpp
"1051",Col12a1
"1052",Ugt8a
"1053",Tmem167b
"1054",Vps33a
"1055",Tnfaip6
"1056",Abhd8
"1057",Agk
"1058",Gpc3
"1059",Pdlim7
"1060",Pdgfra
"1061",Hmox1
"1062",Serpinc1
"1063",Inpp5e
"1064",Edc3
"1065",Ythdc2
"1066",Elovl6
"1067",Zzz3
"1068",Sec24b
"1069",Gm4924
"1070",Rpusd4
"1071",Trim45
"1072",Acadsb
"1073",Arhgap24
"1074",Tprn
"1075",Aldh7a1
"1076",Aasdhppt
"1077",Zc3h8
"1078",Bap1
"1079",Anxa2
"1080",Arhgap11a
"1081",Faah
"1082",Ankfy1
"1083",Ppt1
"1084",Aldh1a2
"1085",Npl
"1086",Cish
"1087",Haus8
"1088",Slx1b
"1089",Mtfr1
"1090",Umps
"1091",Nos1ap
"1092",Ttc19
"1093",Btbd11
"1094",Usf1
"1095",Capn10
"1096",Ppa2
"1097",Trpv2
"1098",Ubr1
"1099",Orai2
"1100",Poll
"1101",Elmo2
"1102",Tmem175
"1103",Prrg1
"1104",Hmmr
"1105",Ptn
"1106",Lamp2
"1107",Adi1
"1108",Lss
"1109",Elac1
"1110",Atp6v1b2
"1111",Kirrel3
"1112",Vps16
"1113",Afap1l1
"1114",Cyp4v3
"1115",Relb
"1116",Brip1
"1117",Nfil3
"1118",Dck
"1119",Osbpl2
"1120",Adar
"1121",Trpc4ap
"1122",Dolk
"1123",Renbp
"1124",Adnp2
"1125",Asb1
"1126",Piga
"1127",Zfp142
"1128",St8sia1
"1129",Fam83d
"1130",Tmem229a
"1131",Rgs19
"1132",Fnip1
"1133",Slc31a2
"1134",Sepsecs
"1135",Tmem161a
"1136",Cdc20
"1137",Strap
"1138",Cox15
"1139",Gnpda2
"1140",Thop1
"1141",Ankrd40
"1142",Gramd4
"1143",Myo19
"1144",Eml1
"1145",Fubp1
"1146",Cep68
"1147",Myo3b
"1148",Rorb
"1149",Fgf3
"1150",Prdm16
"1151",Rgl1
"1152",Eral1
"1153",Pdlim4
"1154",Eps15l1
"1155",Cmtm3
"1156",Ak4
"1157",Gtf3c3
"1158",D5Ertd579e
"1159",Gnb4
"1160",Idi1
"1161",Kcna1
"1162",Satb2
"1163",Xrn2
"1164",Engase
"1165",Gpm6a
"1166",Fam185a
"1167",Traip
"1168",Abcd1
"1169",Cyp51
"1170",Arhgef40
"1171",Cnnm4
"1172",Plod1
"1173",Copb2
"1174",Egr1
"1175",Akt1
"1176",Gnai3
"1177",Sae1
"1178",St6galnac1
"1179",Cpxm1
"1180",Ttc30b
"1181",Tmem9
"1182",Smad3
"1183",Cldn15
"1184",Ppil3
"1185",Tusc2
"1186",Myo18a
"1187",Spns3
"1188",Cdc42se2
"1189",Cdk5rap1
"1190",Cttnbp2nl
"1191",Setdb1
"1192",Tymp
"1193",Itga3
"1194",Kat2a
"1195",Arl4c
"1196",Dclk1
"1197",Gfm2
"1198",Ica1
"1199",Tbl3
"1200",Thnsl2
"1201",Auts2
"1202",Dnajb14
"1203",Nek1
"1204",Zyx
"1205",Farsb
"1206",Snx21
"1207",Galns
"1208",Gpsm1
"1209",Clcn3
"1210",Hmcn1
"1211",Mreg
"1212",Adat1
"1213",Bivm
"1214",Elac2
"1215",Ptgr1
"1216",Arpc1b
"1217",Sowahc
"1218",Rab3gap2
"1219",Soat1
"1220",Wdsub1
"1221",Rab11fip2
"1222",Mdn1
"1223",Pskh1
"1224",Slc25a19
"1225",Maf
"1226",Pik3cd
"1227",Col4a4
"1228",Acox1
"1229",Mfge8
"1230",G6pc3
"1231",Slc25a39
"1232",Zdhhc2
"1233",Sh3bgrl
"1234",Nfasc
"1235",Lrrc56
"1236",Tshz3
"1237",Nr3c2
"1238",Ppp6c
"1239",Rpp40
"1240",Aqp7
"1241",Slc34a2
"1242",Arg2
"1243",Sh3bgrl2
"1244",Ttc38
"1245",Atp2a2
"1246",Zmiz2
"1247",Dmtf1
"1248",Coro2b
"1249",Rps6kb1
"1250",Plekhg6
"1251",Suclg1
"1252",Kcnb2
"1253",Abi2
"1254",Frmd4b
"1255",Ttl
"1256",Mrc1
"1257",Tal1
"1258",Bmp2
"1259",Guf1
"1260",Eepd1
"1261",Hcfc1
"1262",Mogs
"1263",Tada2b
"1264",Ube3a
"1265",Cdk12
"1266",Wdpcp
"1267",Golga1
"1268",Pipox
"1269",Thap11
"1270",Dusp14
"1271",Zbtb42
"1272",Pfdn2
"1273",Tpm1
"1274",Foxo4
"1275",Ogt
"1276",Wasl
"1277",1600012H06Rik
"1278",Galnt7
"1279",Pogk
"1280",Sucla2
"1281",Rundc1
"1282",Wdr12
"1283",Aebp1
"1284",Rexo4
"1285",Wee1
"1286",Tpm2
"1287",Aqp11
"1288",Git1
"1289",Manba
"1290",Extl2
"1291",Fcgbp
"1292",Sox13
"1293",Arfip2
"1294",Vash2
"1295",Ovca2
"1296",Tspan17
"1297",Vps45
"1298",Dctd
"1299",Foxn2
"1300",Grhpr
"1301",Katna1
"1302",Yars2
"1303",Fbxo7
"1304",Ubiad1
"1305",Poglut1
"1306",Trnt1
"1307",Mef2a
"1308",Echdc2
"1309",Mink1
"1310",Nudt1
"1311",Bag4
"1312",Tm9sf4
"1313",Pof1b
"1314",Eri1
"1315",Lrp11
"1316",Rfc2
"1317",Fam199x
"1318",Alcam
"1319",Lrrc28
"1320",Lrrc40
"1321",Surf2
"1322",Mrpl2
"1323",Akt2
"1324",Ccnt1
"1325",Abcc10
"1326",Crtc2
"1327",Ncan
"1328",Haus3
"1329",Cct6b
"1330",Fzd9
"1331",Ruvbl2
"1332",Tctn1
"1333",Mns1
"1334",Pyroxd1
"1335",Lrrc52
"1336",Rdh5
"1337",Lypla1
"1338",Pus7
"1339",Rtkn2
"1340",Cbr4
"1341",Bsn
"1342",Prdm5
"1343",Erbb2
"1344",Gemin6
"1345",Terf2ip
"1346",Ctnnbl1
"1347",Rprd1b
"1348",Hs3st1
"1349",Pm20d1
"1350",Zbtb10
"1351",Cct7
"1352",Hsd17b4
"1353",Tcta
"1354",Ucp2
"1355",Tnnt2
"1356",Mdk
"1357",Usp33
"1358",Uspl1
"1359",Pgk1
"1360",Elovl1
"1361",Dmap1
"1362",Pwwp2a
"1363",Spryd3
"1364",Ap3s2
"1365",Prmt7
"1366",Ttc23
"1367",Tpte
"1368",Atp1b2
"1369",Actr3b
"1370",4930402H24Rik
"1371",Atp6ap1
"1372",Sfmbt2
"1373",Tm7sf3
"1374",Nck2
"1375",Nudcd3
"1376",Rab43
"1377",Capn2
"1378",Mthfr
"1379",Ruvbl1
"1380",Slc9a4
"1381",Alg1
"1382",Cdca7l
"1383",Slain2
"1384",Usp40
"1385",Arhgap4
"1386",Caml
"1387",Fhod1
"1388",Cercam
"1389",Zgpat
"1390",Nmnat1
"1391",Rnmt
"1392",Cwc25
"1393",Hps4
"1394",Tnfrsf26
"1395",Abca1
"1396",Setdb2
"1397",Rcn1
"1398",Slc3a2
"1399",Trit1
"1400",Ube2d3
"1401",Ccnd1
"1402",Taf1c
"1403",Rpp38
"1404",C77080
"1405",Prom2
"1406",Znhit6
"1407",Lin9
"1408",Amt
"1409",Bysl
"1410",Abca4
"1411",Tfeb
"1412",Phc2
"1413",Dnlz
"1414",Jmjd4
"1415",Mtmr14
"1416",Fam155a
"1417",Smad9
"1418",Gtpbp2
"1419",Tmem82
"1420",Surf6
"1421",Abi1
"1422",Car13
"1423",Cnot8
"1424",N4bp2
"1425",Ikbkb
"1426",Braf
"1427",Ccdc137
"1428",Sfxn4
"1429",Wwc1
"1430",1810030O07Rik
"1431",Ophn1
"1432",Fbxo30
"1433",Stx2
"1434",Aldh5a1
"1435",Ankrd39
"1436",Fam193a
"1437",Rassf10
"1438",Zfp346
"1439",Snx25
"1440",Plekha8
"1441",Prpf18
"1442",Slc2a10
"1443",Rbm19
"1444",Cops8
"1445",Grb14
"1446",Pde11a
"1447",Zdhhc5
"1448",Ankle1
"1449",Ankib1
"1450",BC055324
"1451",Ptges2
"1452",Rcc1
"1453",Lrpprc
"1454",Prpf38b
"1455",Shcbp1
"1456",Bgn
"1457",Rragd
"1458",Glmn
"1459",Plcg1
"1460",Ap4e1
"1461",Gas2
"1462",Casp9
"1463",Nhej1
"1464",Tet2
"1465",Cep350
"1466",Rpgr
"1467",Tyro3
"1468",Nupr1
"1469",Cdk8
"1470",Paqr5
"1471",Snupn
"1472",Gchfr
"1473",Them4
"1474",Pam
"1475",Hbp1
"1476",Ctr9
"1477",Ppp1r15a
"1478",Tmem17
"1479",Ctns
"1480",Coq5
"1481",Tap1
"1482",Dzip1l
"1483",Gtpbp10
"1484",Ubl3
"1485",Ddb2
"1486",Scyl3
"1487",Rap2c
"1488",Gstk1
"1489",Zmynd10
"1490",Arntl2
"1491",Mmachc
"1492",Ogdh
"1493",Cars2
"1494",Tmtc3
"1495",Fbxl20
"1496",Per3
"1497",Slit2
"1498",Slc37a3
"1499",Hlf
"1500",Tmem67
"1501",Kri1
"1502",Cog1
"1503",Pld2
"1504",Wbp2
"1505",Det1
"1506",Kbtbd4
"1507",Mpzl3
"1508",Bach1
"1509",L3mbtl2
"1510",Slc41a3
"1511",Cyb561d2
"1512",Lrrc57
"1513",Zcchc2
"1514",Nono
"1515",Dyrk3
"1516",Slx4
"1517",Maoa
"1518",Nfkb1
"1519",Fmod
"1520",Sephs1
"1521",Tada1
"1522",Tnik
"1523",Cnp
"1524",Pmpca
"1525",Sqstm1
"1526",Stam
"1527",Pde5a
"1528",Arhgap29
"1529",Bmpr2
"1530",Cyb5b
"1531",Bard1
"1532",Dnajc21
"1533",Rptor
"1534",Snrpa
"1535",Uba1
"1536",Baiap2
"1537",Prickle2
"1538",Lrrc41
"1539",Vstm2b
"1540",Fgd5
"1541",Myo10
"1542",Bach2
"1543",Lmnb2
"1544",Gpr37
"1545",Twf1
"1546",D2hgdh
"1547",Tti2
"1548",Lama5
"1549",Nrip2
"1550",Prkci
"1551",Lysmd1
"1552",Ddx31
"1553",Slc40a1
"1554",Mpi
"1555",Slc16a13
"1556",Nol11
"1557",1110059E24Rik
"1558",Appbp2
"1559",Setd3
"1560",Dus1l
"1561",Srgap2
"1562",Mapre2
"1563",Pomt1
"1564",Atp11c
"1565",Me1
"1566",Myg1
"1567",Zc4h2
"1568",Icmt
"1569",Pigs
"1570",Nupl2
"1571",Tet3
"1572",Trmt6
"1573",Ctnna2
"1574",Tyw1
"1575",Hey1
"1576",Ubtd2
"1577",Btc
"1578",Pepd
"1579",Aptx
"1580",Sec22b
"1581",Ninj1
"1582",Fbxw5
"1583",Hltf
"1584",Ak3
"1585",Egfr
"1586",Fanca
"1587",Map3k15
"1588",Sdr42e1
"1589",Coro2a
"1590",Reps2
"1591",Uba6
"1592",Ckmt1
"1593",Sh3rf1
"1594",Cd2bp2
"1595",Msl2
"1596",Ccdc141
"1597",Uba2
"1598",Fpgt
"1599",Tmco1
"1600",Narf
"1601",Polr2a
"1602",Slc9a3r1
"1603",Zcchc8
"1604",Hspbp1
"1605",Idh1
"1606",Xrcc2
"1607",Slc26a11
"1608",Gfm1
"1609",Gps2
"1610",Cd99l2
"1611",Ssx2ip
"1612",Cyb5r1
"1613",Tom1
"1614",Six2
"1615",Baiap2l1
"1616",Carf
"1617",Cat
"1618",Mlycd
"1619",Ash2l
"1620",Dhx32
"1621",Mrps23
"1622",Med19
"1623",Cntn1
"1624",Rsbn1
"1625",Pgrmc2
"1626",Msh2
"1627",Phrf1
"1628",Wars
"1629",Alg11
"1630",Acsf2
"1631",Pik3r1
"1632",Rad51c
"1633",1700025G04Rik
"1634",Lsm10
"1635",Rit1
"1636",Snip1
"1637",Irf6
"1638",Pcid2
"1639",Rhpn2
"1640",Gna15
"1641",Inpp5a
"1642",Gabpb2
"1643",Slc39a10
"1644",Cnot6
"1645",Fam184b
"1646",Lmln
"1647",Sh3bp4
"1648",Ufsp2
"1649",Traf1
"1650",Clic4
"1651",Cpped1
"1652",Rpa2
"1653",Bckdha
"1654",Sdcbp
"1655",Eif2b2
"1656",Brd7
"1657",Mmgt2
"1658",Nek8
"1659",Ipmk
"1660",Tifa
"1661",Klhl25
"1662",Lrrc29
"1663",Vsig10l
"1664",Nmt2
"1665",Ezh1
"1666",Nmt1
"1667",Efna5
"1668",Glce
"1669",Klhl8
"1670",Vps53
"1671",Atp1b3
"1672",Zfp668
"1673",Timm10
"1674",Cnot3
"1675",Mertk
"1676",Fzr1
"1677",Tmem144
"1678",Cnpy3
"1679",Slc38a6
"1680",Zbtb37
"1681",Ndrg4
"1682",Pes1
"1683",B3galt2
"1684",Rasip1
"1685",Cyb5d2
"1686",Kif5c
"1687",Uvrag
"1688",Gtf2h1
"1689",Grin2b
"1690",Smarcal1
"1691",Rybp
"1692",Sort1
"1693",Pex26
"1694",Zpld1
"1695",C2cd3
"1696",Sema3b
"1697",Pigl
"1698",Fermt1
"1699",Pla2g12a
"1700",Snap23
"1701",Ctps
"1702",Gpd1
"1703",Mtmr4
"1704",Tspan18
"1705",Cct8
"1706",Slc25a35
"1707",Atf6
"1708",Fam32a
"1709",Bmp2k
"1710",Gdap2
"1711",Cttnbp2
"1712",St8sia2
"1713",Napepld
"1714",Nr2c1
"1715",Lgals9
"1716",Pcyox1
"1717",Ttc21b
"1718",Aen
"1719",Csnk1g1
"1720",Kifap3
"1721",Osgepl1
"1722",Prkcq
"1723",Syde2
"1724",Galm
"1725",Gstm5
"1726",Ccnyl1
"1727",E2f5
"1728",Fbxo36
"1729",Cdk16
"1730",Has2
"1731",Blmh
"1732",Tmem62
"1733",Glb1l
"1734",Dnajc16
"1735",Fbxo21
"1736",Suz12
"1737",Abca5
"1738",Naf1
"1739",Nup133
"1740",Ndufs1
"1741",Erlin1
"1742",Plxna1
"1743",Enpp5
"1744",Nuak2
"1745",Lrrtm4
"1746",Pygm
"1747",Gng7
"1748",Rgs3
"1749",Fnta
"1750",Lmtk2
"1751",Map4k5
"1752",Cldn12
"1753",Trp53bp2
"1754",Phf10
"1755",Sdk1
"1756",Myo6
"1757",Tnfaip3
"1758",Sdf4
"1759",Ddx55
"1760",Mrpl38
"1761",Nprl2
"1762",Rnf6
"1763",Zbtb33
"1764",Ctu1
"1765",Zbtb8a
"1766",Zfp593
"1767",Ttc39a
"1768",Ror1
"1769",Nphp4
"1770",Tmem183a
"1771",Rab23
"1772",P2ry2
"1773",Epha2
"1774",Shq1
"1775",Pomgnt1
"1776",Prrg4
"1777",Sgk3
"1778",F7
"1779",Pls3
"1780",Atg7
"1781",Gpn1
"1782",Lrrc61
"1783",Sgsh
"1784",Fdxr
"1785",Mecp2
"1786",Tmem63a
"1787",Ivd
"1788",Osbpl9
"1789",Fen1
"1790",Rest
"1791",Bbs7
"1792",Cerkl
"1793",Sdsl
"1794",Aass
"1795",Gtpbp8
"1796",Nagpa
"1797",Bahcc1
"1798",Supt7l
"1799",5730455P16Rik
"1800",Hpn
"1801",Med16
"1802",Apbb2
"1803",Dlk2
"1804",Wdr81
"1805",Gcnt7
"1806",Tpp2
"1807",Kank1
"1808",Pgrmc1
"1809",Nomo1
"1810",Foxp4
"1811",Tfdp2
"1812",Kcnk3
"1813",Ncoa2
"1814",Cript
"1815",Gar1
"1816",Zdhhc18
"1817",Mettl17
"1818",N4bp1
"1819",Rad51ap1
"1820",BC017158
"1821",Pi4kb
"1822",Slc35b4
"1823",Aspm
"1824",Acat1
"1825",Ddost
"1826",Mst1
"1827",Mapk7
"1828",Adam9
"1829",Tab2
"1830",Sos2
"1831",Gab1
"1832",Elk4
"1833",Metap1
"1834",Crbn
"1835",Ppm1d
"1836",Adck2
"1837",Cbx5
"1838",Hecw2
"1839",Ubxn6
"1840",Trim32
"1841",Gss
"1842",Tbc1d19
"1843",Bcs1l
"1844",Plp1
"1845",Nme7
"1846",Coq7
"1847",Harbi1
"1848",Rab13
"1849",Rnf20
"1850",Nme6
"1851",Chek2
"1852",Cblc
"1853",Blvrb
"1854",Rnf152
"1855",Rcn2
"1856",Map3k6
"1857",Gmps
"1858",Gna13
"1859",Tlr4
"1860",Mllt3
"1861",Thumpd3
"1862",Vars
"1863",Ddx39
"1864",Ppp1r26
"1865",Ddah2
"1866",Pycr1
"1867",Rgs6
"1868",Rps6ka6
"1869",Mphosph10
"1870",Cdc16
"1871",Pkp4
"1872",Nipa1
"1873",Srsf1
"1874",Gusb
"1875",Nudt12
"1876",Skp1a
"1877",Ercc8
"1878",Zbtb41
"1879",Lypd6b
"1880",Rusc2
"1881",Polg2
"1882",Ddx59
"1883",Kncn
"1884",Apex2
"1885",Calu
"1886",F11r
"1887",Dcaf17
"1888",Orc2
"1889",Stmn3
"1890",Acss1
"1891",Pter
"1892",Mettl2
"1893",St3gal3
"1894",Aldh4a1
"1895",Grhl3
"1896",Samhd1
"1897",Fbxl2
"1898",Rcbtb1
"1899",Cp
"1900",Gpatch2
"1901",Mei4
"1902",Qsox2
"1903",Srgap1
"1904",Cds2
"1905",Rbbp9
"1906",Cars
"1907",Plxna2
"1908",Acvr1
"1909",Smarca1
"1910",Snx17
"1911",Zfp292
"1912",Gsta1
"1913",Tex261
"1914",Abcf1
"1915",Pofut1
"1916",Safb2
"1917",Nasp
"1918",Tfpt
"1919",Dsel
"1920",Ccdc117
"1921",Ptpru
"1922",Wdr3
"1923",Cln8
"1924",Slc35d1
"1925",Clptm1
"1926",Nr2f6
"1927",Med24
"1928",Pigm
"1929",Syt11
"1930",Tsen54
"1931",Ifih1
"1932",Mettl21a
"1933",Vps13d
"1934",Nufip2
"1935",Skiv2l
"1936",Rilp
"1937",Tecpr1
"1938",Tor1b
"1939",Pgm3
"1940",Fkbp9
"1941",Araf
"1942",Cmtm4
"1943",Ankzf1
"1944",Esrp1
"1945",Nmi
"1946",Pqlc2
"1947",Ankrd45
"1948",Def8
"1949",Akr7a5
"1950",Ppp1cb
"1951",Ttf2
"1952",Xab2
"1953",Gtf2h3
"1954",Micall2
"1955",Ephb4
"1956",Kti12
"1957",Tmem88
"1958",Lpar6
"1959",Usp19
"1960",Fsbp
"1961",Arhgap17
"1962",Dscc1
"1963",Vac14
"1964",Pdlim2
"1965",Ccdc43
"1966",Dnase1
"1967",G2e3
"1968",Kazn
"1969",Impad1
"1970",Supv3l1
"1971",Wdr35
"1972",Mybl1
"1973",Wdr13
"1974",Wdr75
"1975",Snrnp25
"1976",Tnfaip1
"1977",Cdk6
"1978",Tox
"1979",Slc7a5
"1980",Pygo2
"1981",Aph1b
"1982",Bcl11b
"1983",Ubn2
"1984",Faf1
"1985",Shf
"1986",Abcb9
"1987",Lrp2bp
"1988",Sox6
"1989",Ndst3
"1990",Rwdd4a
"1991",Rtel1
"1992",Tln1
"1993",Pir
"1994",Smyd4
"1995",Acer2
"1996",Kdm2b
"1997",Plag1
"1998",Plekhb2
"1999",Anks1b
"2000",Hibadh
